thread_id,opening_text,created_at,n_turns,dt,month,label_intent,is_multi_issue,is_non_english,is_support_request,label_escalate,label_reason,label_source,human_reviewed,agent_reply
242356,"@AppleSupport não aguento mais carregar meu celular não seus fodido, terei que ir pro iOS 10 novamente?",Fri Sep 29 21:48:26 +0000 2017,4,2017-09-29 21:48:26+00:00,2017-09,out_of_scope,False,True,True,True,"non-English input, out of scope for v1 auto-handling",rules_plus_AI_review,False,"Thanks for contacting Apple Support. To make sure we help accurately, please contact Apple Support in your preferred language through the Apple Support app or getsupport.apple.com."
518351,@AppleSupport my iPhone keeps bringing this up every couple minutes then back to home screen!! Help?? I updated and all?? https://t.co/5EicSu6VvH,Sat Dec 02 01:07:00 +0000 2017,2,2017-12-02 01:07:00+00:00,2017-12,software_update_performance,False,False,True,False,routine software troubleshooting is safe to auto-handle,rules_plus_AI_review,False,"Sorry you’re experiencing this after an update. Please restart your iPhone, check Settings > General > Software Update for any follow-up update, and make sure you have enough free storage. If it continues, contact Apple Support with your iPhone model and iOS version so we can help investigate."
934473,@AppleSupport phone number for two factor authentification doesnt exist anymore wtf am i supposed 2 do to restore my goddamn iphone w/icloud,Sat Oct 21 10:34:32 +0000 2017,2,2017-10-21 10:34:32+00:00,2017-10,account_access_security,False,False,True,True,security-sensitive; identity or legitimacy verification may be required,rules_plus_AI_review,False,"We can help you regain secure access. For your protection, never share passwords or verification codes. Start account recovery at iforgot.apple.com, or contact Apple Support if you no longer have access to your trusted phone number or device."
187447,@AppleSupport how come every time I update my phone it only gets slower and painful to use? Perhaps a scheme forcing me to get a new one?,Wed Oct 04 02:32:51 +0000 2017,2,2017-10-04 02:32:51+00:00,2017-10,software_update_performance,False,False,True,False,routine software troubleshooting is safe to auto-handle,rules_plus_AI_review,False,"Sorry you’re experiencing this after an update. Please restart your iPhone, check Settings > General > Software Update for any follow-up update, and make sure you have enough free storage. If it continues, contact Apple Support with your iPhone model and iOS version so we can help investigate."
208953,Yo @115858 WTF is with this auto WiFi and Bluetooth connection... it’s mad annoying!!!,Wed Oct 04 19:38:48 +0000 2017,4,2017-10-04 19:38:48+00:00,2017-10,connectivity,False,False,True,False,routine connectivity troubleshooting is safe to auto-handle,rules_plus_AI_review,False,"Sorry you’re having trouble connecting. Try turning Wi-Fi or Bluetooth off and back on, restarting the device, and installing the latest software update. If it persists, tell us your device model, software version, and the network/accessory involved."
486130,"After a MacOs upgrade to High Sierra my MacBook Pro Retina Early 2013 became kind of slow/sluggish, any ideas @115858 ? Anyone has some fix for that? :P",Fri Dec 01 13:30:33 +0000 2017,4,2017-12-01 13:30:33+00:00,2017-12,software_update_performance,False,False,True,False,routine software troubleshooting is safe to auto-handle,rules_plus_AI_review,False,"Sorry you’re experiencing this after an update. Please restart your iPhone, check Settings > General > Software Update for any follow-up update, and make sure you have enough free storage. If it continues, contact Apple Support with your iPhone model and iOS version so we can help investigate."
582769,@AppleSupport Is this normal on a Series 3 Watch? (Tried pair-unpair to no avail) https://t.co/gXYj7C6ehP,Sun Dec 03 05:01:36 +0000 2017,2,2017-12-03 05:01:36+00:00,2017-12,software_update_performance,False,False,True,False,routine software troubleshooting is safe to auto-handle,rules_plus_AI_review,False,"Sorry you’re experiencing this after an update. Please restart your iPhone, check Settings > General > Software Update for any follow-up update, and make sure you have enough free storage. If it continues, contact Apple Support with your iPhone model and iOS version so we can help investigate."
559060,@AppleSupport :( https://t.co/IuCsH0d6a6,Sat Dec 02 21:46:27 +0000 2017,2,2017-12-02 21:46:27+00:00,2017-12,other_unclear,False,False,True,False,insufficient detail; ask one clarifying question before routing,rules_plus_AI_review,False,"Sorry you’re running into this. Could you share your device model, software version, and what happens when you try? With those details, Apple Support can point you to the right next step."
709528,"@115858 

iOS 11.x

The animation which happens when an icon is 3D-touched, is buggy and slow and fragmented on iPh-6s

Kindly resolve it !!",Tue Oct 10 18:57:09 +0000 2017,9,2017-10-10 18:57:09+00:00,2017-10,software_update_performance,False,False,True,False,routine software troubleshooting is safe to auto-handle,rules_plus_AI_review,False,"Sorry you’re experiencing this after an update. Please restart your iPhone, check Settings > General > Software Update for any follow-up update, and make sure you have enough free storage. If it continues, contact Apple Support with your iPhone model and iOS version so we can help investigate."
629774,"Bought a brand new 32gb iPhone and I click into storage to find 21gb available, I’m going to presume the other 11gb is stuck in the post and will be here shortly yes? @115858",Wed Nov 22 13:56:45 +0000 2017,2,2017-11-22 13:56:45+00:00,2017-11,feature_how_to,False,False,True,False,informational or setup question is safe to auto-handle,rules_plus_AI_review,False,"We’re happy to help. You can find step-by-step guidance in the Apple Support app or at support.apple.com. Please tell us which Apple device and software version you’re using, and what you’d like to do."
337028,@AppleSupport My phone got stolen &amp; these scammer people made a fake login to https://t.co/XGH0mSIJq1. Want to DM? Would luv 2 shut m down.,Sat Oct 07 20:27:27 +0000 2017,2,2017-10-07 20:27:27+00:00,2017-10,account_access_security,False,False,True,True,security-sensitive; identity or legitimacy verification may be required,rules_plus_AI_review,False,"We can help you regain secure access. For your protection, never share passwords or verification codes. Start account recovery at iforgot.apple.com, or contact Apple Support if you no longer have access to your trusted phone number or device."
274974,my phones literally been turning on for 14 hours fix this @115858,Sat Nov 25 03:01:53 +0000 2017,2,2017-11-25 03:01:53+00:00,2017-11,software_update_performance,False,False,True,False,routine software troubleshooting is safe to auto-handle,rules_plus_AI_review,False,"Sorry you’re experiencing this after an update. Please restart your iPhone, check Settings > General > Software Update for any follow-up update, and make sure you have enough free storage. If it continues, contact Apple Support with your iPhone model and iOS version so we can help investigate."
495178,@115858 @115725 I’m soo glad I got that @134236 plus watch + cellular. Oh waaaiit my cellular won’t work and doesn’t connect to my network without my phone.  Money well spent? 🤔,Fri Dec 01 17:08:52 +0000 2017,2,2017-12-01 17:08:52+00:00,2017-12,connectivity,False,False,True,False,routine connectivity troubleshooting is safe to auto-handle,rules_plus_AI_review,False,"Sorry you’re having trouble connecting. Try turning Wi-Fi or Bluetooth off and back on, restarting the device, and installing the latest software update. If it persists, tell us your device model, software version, and the network/accessory involved."
701609,@AppleSupport Beyond frustrated that the glass back on my iPhone 8 has cracked. I didn’t even drop it and it’s always had a case on it. You all swore to us that it was durable but clearly that isn’t the case.,Thu Nov 23 15:13:37 +0000 2017,2,2017-11-23 15:13:37+00:00,2017-11,hardware_physical,False,False,True,True,physical-device or potential safety issue requires human assessment,rules_plus_AI_review,False,"Sorry your device is having a hardware-related issue. Avoid further use if it is hot, swollen, damaged, or has a damaged battery. You can arrange an inspection through the Apple Support app or at getsupport.apple.com."
612780,"Help my iPhone is glitching like it’s possessed. Screens freeze, static screens when I scroll. Restarted it and no luck.@AppleSupport",Wed Nov 22 06:22:21 +0000 2017,2,2017-11-22 06:22:21+00:00,2017-11,software_update_performance,False,False,True,False,routine software troubleshooting is safe to auto-handle,rules_plus_AI_review,False,"Sorry you’re experiencing this after an update. Please restart your iPhone, check Settings > General > Software Update for any follow-up update, and make sure you have enough free storage. If it continues, contact Apple Support with your iPhone model and iOS version so we can help investigate."
152948,@AppleSupport so... my phone continuously says no sim installed ever since I updated. I’m over this.,Fri Nov 24 15:04:05 +0000 2017,2,2017-11-24 15:04:05+00:00,2017-11,connectivity,False,False,True,False,routine connectivity troubleshooting is safe to auto-handle,rules_plus_AI_review,False,"Sorry you’re having trouble connecting. Try turning Wi-Fi or Bluetooth off and back on, restarting the device, and installing the latest software update. If it persists, tell us your device model, software version, and the network/accessory involved."
483169,@115858 your latest OS is terrible. Has made all my devices very slow and my Mac not only did nor downloaded correctly but went down.  What are you doing to fix this? Shocking!!,Fri Dec 01 08:30:30 +0000 2017,2,2017-12-01 08:30:30+00:00,2017-12,software_update_performance,True,False,True,True,compound case; human review reduces the risk of an incomplete response,rules_plus_AI_review,False,"Sorry you’re experiencing this after an update. Please restart your iPhone, check Settings > General > Software Update for any follow-up update, and make sure you have enough free storage. If it continues, contact Apple Support with your iPhone model and iOS version so we can help investigate."
735914,"@115858 Your new update has destroyed my iPhone 7 battery life INCLUDING my Apple battery case! Why? 😡 I now want to leave, not upgrade!",Tue Oct 10 07:04:38 +0000 2017,2,2017-10-10 07:04:38+00:00,2017-10,software_update_performance,False,False,True,False,routine software troubleshooting is safe to auto-handle,rules_plus_AI_review,False,"Sorry you’re experiencing this after an update. Please restart your iPhone, check Settings > General > Software Update for any follow-up update, and make sure you have enough free storage. If it continues, contact Apple Support with your iPhone model and iOS version so we can help investigate."
556067,"My mother f***er of a phone won’t let me press install , my phones gonna restart and everything gone wahhhhhh https://t.co/03EIJ6yX8C",Sat Dec 02 19:33:32 +0000 2017,4,2017-12-02 19:33:32+00:00,2017-12,software_update_performance,False,False,True,False,routine software troubleshooting is safe to auto-handle,rules_plus_AI_review,False,"Sorry you’re experiencing this after an update. Please restart your iPhone, check Settings > General > Software Update for any follow-up update, and make sure you have enough free storage. If it continues, contact Apple Support with your iPhone model and iOS version so we can help investigate."
174121,@AppleSupport I have a problem with the batteries first my Appel watch and now my iPhone 5c 😔,Fri Nov 24 23:11:28 +0000 2017,2,2017-11-24 23:11:28+00:00,2017-11,hardware_physical,False,False,True,True,physical-device or potential safety issue requires human assessment,rules_plus_AI_review,False,"Sorry your device is having a hardware-related issue. Avoid further use if it is hot, swollen, damaged, or has a damaged battery. You can arrange an inspection through the Apple Support app or at getsupport.apple.com."
18886,@AppleSupport my Apple Watch has been like this for 2 days any suggestions. Also tried to do a reboot but to no avail. https://t.co/06IgjQuApq,Wed Nov 22 13:03:33 +0000 2017,2,2017-11-22 13:03:33+00:00,2017-11,software_update_performance,False,False,True,False,routine software troubleshooting is safe to auto-handle,rules_plus_AI_review,False,"Sorry you’re experiencing this after an update. Please restart your iPhone, check Settings > General > Software Update for any follow-up update, and make sure you have enough free storage. If it continues, contact Apple Support with your iPhone model and iOS version so we can help investigate."
710067,@AppleSupport thanks for turning my fully functioning phone into a useless piece of crap with your new update 👍🏼,Tue Oct 10 20:37:46 +0000 2017,2,2017-10-10 20:37:46+00:00,2017-10,software_update_performance,False,False,True,False,routine software troubleshooting is safe to auto-handle,rules_plus_AI_review,False,"Sorry you’re experiencing this after an update. Please restart your iPhone, check Settings > General > Software Update for any follow-up update, and make sure you have enough free storage. If it continues, contact Apple Support with your iPhone model and iOS version so we can help investigate."
689398,@115858 get your coding team together to fix this shitty update so my phone can stop freezing and glitching,Thu Nov 23 07:31:53 +0000 2017,2,2017-11-23 07:31:53+00:00,2017-11,software_update_performance,False,False,True,False,routine software troubleshooting is safe to auto-handle,rules_plus_AI_review,False,"Sorry you’re experiencing this after an update. Please restart your iPhone, check Settings > General > Software Update for any follow-up update, and make sure you have enough free storage. If it continues, contact Apple Support with your iPhone model and iOS version so we can help investigate."
589531,@AppleSupport @115858 please can you tell me when my #iPhone will stop crashing after the new update? Should have bought a @1107 brick!,Sun Dec 03 15:09:28 +0000 2017,2,2017-12-03 15:09:28+00:00,2017-12,software_update_performance,False,False,True,False,routine software troubleshooting is safe to auto-handle,rules_plus_AI_review,False,"Sorry you’re experiencing this after an update. Please restart your iPhone, check Settings > General > Software Update for any follow-up update, and make sure you have enough free storage. If it continues, contact Apple Support with your iPhone model and iOS version so we can help investigate."
589481,Seems legit 🙄🙄 @115858 @AppleSupport https://t.co/RNS5L3GUQi,Sun Dec 03 15:18:11 +0000 2017,2,2017-12-03 15:18:11+00:00,2017-12,account_access_security,False,False,True,True,security-sensitive; identity or legitimacy verification may be required,rules_plus_AI_review,False,"We can help you regain secure access. For your protection, never share passwords or verification codes. Start account recovery at iforgot.apple.com, or contact Apple Support if you no longer have access to your trusted phone number or device."
92656,Always wait. I stupidly didn't. Same problem. @115858 https://t.co/HyqLZTzDbr,Thu Nov 30 13:35:48 +0000 2017,2,2017-11-30 13:35:48+00:00,2017-11,other_unclear,False,False,True,False,insufficient detail; ask one clarifying question before routing,rules_plus_AI_review,False,"Sorry you’re running into this. Could you share your device model, software version, and what happens when you try? With those details, Apple Support can point you to the right next step."
538660,@AppleSupport my iPhone keeps restarting and asking me for Touch ID,Sat Dec 02 04:57:41 +0000 2017,4,2017-12-02 04:57:41+00:00,2017-12,software_update_performance,False,False,True,False,routine software troubleshooting is safe to auto-handle,rules_plus_AI_review,False,"Sorry you’re experiencing this after an update. Please restart your iPhone, check Settings > General > Software Update for any follow-up update, and make sure you have enough free storage. If it continues, contact Apple Support with your iPhone model and iOS version so we can help investigate."
546540,So my clock wont work and phone keeps turning self on and off every 5-10mins.... any ideas? @115858 @AppleSupport #iPhone6s https://t.co/xh4PllFjYi,Sat Dec 02 10:19:13 +0000 2017,2,2017-12-02 10:19:13+00:00,2017-12,software_update_performance,True,False,True,True,compound case; human review reduces the risk of an incomplete response,rules_plus_AI_review,False,"Sorry you’re experiencing this after an update. Please restart your iPhone, check Settings > General > Software Update for any follow-up update, and make sure you have enough free storage. If it continues, contact Apple Support with your iPhone model and iOS version so we can help investigate."
793950,Also ever since I updated to iOS 11 the top right corner of my 5s is occasionally unresponsive @115858,Thu Oct 12 08:58:07 +0000 2017,4,2017-10-12 08:58:07+00:00,2017-10,software_update_performance,False,False,True,False,routine software troubleshooting is safe to auto-handle,rules_plus_AI_review,False,"Sorry you’re experiencing this after an update. Please restart your iPhone, check Settings > General > Software Update for any follow-up update, and make sure you have enough free storage. If it continues, contact Apple Support with your iPhone model and iOS version so we can help investigate."
760498,"@AppleSupport just tried the latest ios11 software update on my iPhone 7 and now my phone is stuck on the download screen, can you help???",Wed Oct 11 17:43:07 +0000 2017,4,2017-10-11 17:43:07+00:00,2017-10,software_update_performance,False,False,True,False,routine software troubleshooting is safe to auto-handle,rules_plus_AI_review,False,"Sorry you’re experiencing this after an update. Please restart your iPhone, check Settings > General > Software Update for any follow-up update, and make sure you have enough free storage. If it continues, contact Apple Support with your iPhone model and iOS version so we can help investigate."
484491,@AppleSupport more than several times I have an app just disappear! Send directions how to get it back. This is very frustrating! Thank you,Fri Dec 01 09:41:07 +0000 2017,2,2017-12-01 09:41:07+00:00,2017-12,software_update_performance,False,False,True,False,routine software troubleshooting is safe to auto-handle,rules_plus_AI_review,False,"Sorry you’re experiencing this after an update. Please restart your iPhone, check Settings > General > Software Update for any follow-up update, and make sure you have enough free storage. If it continues, contact Apple Support with your iPhone model and iOS version so we can help investigate."
622622,@AppleSupport so saddened by the handling of my moms iPhone X preorder. She’s gotten no reason on why her phone is now being shipped back to the warehouse. It was scheduled to be delivered Monday. Now due to the return request from @115858 it’s going to be 10-14 days.,Wed Nov 22 17:14:01 +0000 2017,4,2017-11-22 17:14:01+00:00,2017-11,billing_subscription_purchase,False,False,True,True,"money-sensitive purchase, charge, subscription, or fulfillment issue",rules_plus_AI_review,False,"We can help with that purchase or subscription issue. Review your purchase history at reportaproblem.apple.com and your subscriptions in Settings > [your name] > Subscriptions. For account-specific assistance, contact Apple Support."
593594,@115858 @AppleSupport do you know why https://t.co/DVQLkBC7uj can't sign me in online?,Sun Dec 03 16:32:52 +0000 2017,2,2017-12-03 16:32:52+00:00,2017-12,account_access_security,False,False,True,True,security-sensitive; identity or legitimacy verification may be required,rules_plus_AI_review,False,"We can help you regain secure access. For your protection, never share passwords or verification codes. Start account recovery at iforgot.apple.com, or contact Apple Support if you no longer have access to your trusted phone number or device."
313015,Weird macOS quirk - I haven't been able to install updates to GarageBand for about a year. It always fails. Only GarageBand. @AppleSupport ?,Fri Oct 06 21:07:40 +0000 2017,4,2017-10-06 21:07:40+00:00,2017-10,software_update_performance,False,False,True,False,routine software troubleshooting is safe to auto-handle,rules_plus_AI_review,False,"Sorry you’re experiencing this after an update. Please restart your iPhone, check Settings > General > Software Update for any follow-up update, and make sure you have enough free storage. If it continues, contact Apple Support with your iPhone model and iOS version so we can help investigate."
537656,@AppleSupport when will the MacOS Twitter app support the larger character count?,Sat Dec 02 04:11:40 +0000 2017,3,2017-12-02 04:11:40+00:00,2017-12,feature_how_to,False,False,True,False,informational or setup question is safe to auto-handle,rules_plus_AI_review,False,"We’re happy to help. You can find step-by-step guidance in the Apple Support app or at support.apple.com. Please tell us which Apple device and software version you’re using, and what you’d like to do."
1000024,I’m so tired of these question mark boxes on my TL. Get your shit together  @115858 @AppleSupport,Fri Nov 03 18:42:35 +0000 2017,2,2017-11-03 18:42:35+00:00,2017-11,software_update_performance,False,False,True,False,routine software troubleshooting is safe to auto-handle,rules_plus_AI_review,False,"Sorry you’re experiencing this after an update. Please restart your iPhone, check Settings > General > Software Update for any follow-up update, and make sure you have enough free storage. If it continues, contact Apple Support with your iPhone model and iOS version so we can help investigate."
39621,"My whatsapp chats wiped, now it's been backed up with 0 texts - how can I get them all back from previous back ups? @AppleSupport",Wed Nov 01 11:21:40 +0000 2017,2,2017-11-01 11:21:40+00:00,2017-11,data_backup_loss,False,False,True,True,significant or potentially irreversible data loss requires human review,rules_plus_AI_review,False,We’re sorry about the missing data. Please do not overwrite or erase the device yet. Check Settings > [your name] > iCloud > iCloud Backup and any recent computer backup. Apple Support can help review available recovery options.
42636,Ey @AppleSupport since I updating my iPhone 8 to iOS 11.1 does not stop restarting!! 😡😞😭 #iOS11 #bug,Wed Nov 01 15:03:57 +0000 2017,4,2017-11-01 15:03:57+00:00,2017-11,software_update_performance,False,False,True,False,routine software troubleshooting is safe to auto-handle,rules_plus_AI_review,False,"Sorry you’re experiencing this after an update. Please restart your iPhone, check Settings > General > Software Update for any follow-up update, and make sure you have enough free storage. If it continues, contact Apple Support with your iPhone model and iOS version so we can help investigate."
306630,So my iPad just decided it's not gonna turn on or do anything today... wtf @115858 @AppleSupport,Fri Oct 06 20:47:27 +0000 2017,4,2017-10-06 20:47:27+00:00,2017-10,hardware_physical,False,False,True,True,physical-device or potential safety issue requires human assessment,rules_plus_AI_review,False,"Sorry your device is having a hardware-related issue. Avoid further use if it is hot, swollen, damaged, or has a damaged battery. You can arrange an inspection through the Apple Support app or at getsupport.apple.com."
780727,A new generation of iPhone. Now available.,Thu Sep 21 23:36:02 +0000 2017,3,2017-09-21 23:36:02+00:00,2017-09,out_of_scope,False,False,False,False,excluded: not a support request,rules_plus_AI_review,False,"Thanks for reaching out. This request is outside the support help we can provide here. For Apple product assistance, please describe the Apple device and issue you need help with."
522057,@AppleSupport  BTW I run 11.1.2 manually setting your clock back a few days seem to work but that ain't a real fix.,Sat Dec 02 02:53:12 +0000 2017,2,2017-12-02 02:53:12+00:00,2017-12,software_update_performance,False,False,True,False,routine software troubleshooting is safe to auto-handle,rules_plus_AI_review,False,"Sorry you’re experiencing this after an update. Please restart your iPhone, check Settings > General > Software Update for any follow-up update, and make sure you have enough free storage. If it continues, contact Apple Support with your iPhone model and iOS version so we can help investigate."
885680,@AppleSupport Almost every single app on my phone is messed up with this new update and I’m not getting notifs. When is this getting fixed?,Fri Oct 13 16:52:50 +0000 2017,2,2017-10-13 16:52:50+00:00,2017-10,software_update_performance,True,False,True,True,compound case; human review reduces the risk of an incomplete response,rules_plus_AI_review,False,"Sorry you’re experiencing this after an update. Please restart your iPhone, check Settings > General > Software Update for any follow-up update, and make sure you have enough free storage. If it continues, contact Apple Support with your iPhone model and iOS version so we can help investigate."
584658,@AppleSupport my iPhone has logged me out of everything and apparently all my passwords are wrong? Even my at home wifi is apparently wrong? Done all the restart reset crap,Sun Dec 03 09:25:29 +0000 2017,2,2017-12-03 09:25:29+00:00,2017-12,account_access_security,True,False,True,True,security-sensitive; identity or legitimacy verification may be required,rules_plus_AI_review,False,"We can help you regain secure access. For your protection, never share passwords or verification codes. Start account recovery at iforgot.apple.com, or contact Apple Support if you no longer have access to your trusted phone number or device."
450392,Hi @AppleSupport is this a scam email? Assuming yes 😳 https://t.co/KTVdxAcIES,Thu Nov 30 21:20:33 +0000 2017,2,2017-11-30 21:20:33+00:00,2017-11,account_access_security,False,False,True,True,security-sensitive; identity or legitimacy verification may be required,rules_plus_AI_review,False,"We can help you regain secure access. For your protection, never share passwords or verification codes. Start account recovery at iforgot.apple.com, or contact Apple Support if you no longer have access to your trusted phone number or device."
292373,@AppleSupport Why has the iOS 11 update slowed my iPhone and iPad down??? 😖,Fri Oct 06 14:47:12 +0000 2017,4,2017-10-06 14:47:12+00:00,2017-10,software_update_performance,False,False,True,False,routine software troubleshooting is safe to auto-handle,rules_plus_AI_review,False,"Sorry you’re experiencing this after an update. Please restart your iPhone, check Settings > General > Software Update for any follow-up update, and make sure you have enough free storage. If it continues, contact Apple Support with your iPhone model and iOS version so we can help investigate."
898673,Before 2018 gets here @115858 can you please fix the I️,Tue Nov 07 23:53:48 +0000 2017,2,2017-11-07 23:53:48+00:00,2017-11,software_update_performance,False,False,True,False,routine software troubleshooting is safe to auto-handle,rules_plus_AI_review,False,"Sorry you’re experiencing this after an update. Please restart your iPhone, check Settings > General > Software Update for any follow-up update, and make sure you have enough free storage. If it continues, contact Apple Support with your iPhone model and iOS version so we can help investigate."
733381,@115858 get yall shit together. That update fucked up my iohone 7 and its dying faster than it was when I bought it.,Fri Oct 06 16:32:29 +0000 2017,4,2017-10-06 16:32:29+00:00,2017-10,software_update_performance,False,False,True,False,routine software troubleshooting is safe to auto-handle,rules_plus_AI_review,False,"Sorry you’re experiencing this after an update. Please restart your iPhone, check Settings > General > Software Update for any follow-up update, and make sure you have enough free storage. If it continues, contact Apple Support with your iPhone model and iOS version so we can help investigate."
496876,@AppleSupport what can I do other than restarting my phone and re-logging in to my Apple ID to get my music and TV apps to open? Also can’t access settings-&gt;music because it just freezes.,Fri Dec 01 17:19:49 +0000 2017,6,2017-12-01 17:19:49+00:00,2017-12,software_update_performance,True,False,True,True,compound case; human review reduces the risk of an incomplete response,rules_plus_AI_review,False,"Sorry you’re experiencing this after an update. Please restart your iPhone, check Settings > General > Software Update for any follow-up update, and make sure you have enough free storage. If it continues, contact Apple Support with your iPhone model and iOS version so we can help investigate."
435838,My Apple Music app won’t work it just keeps crashing since the update but I’m still getting charged ? Wtf @AppleSupport,Tue Oct 10 15:39:10 +0000 2017,2,2017-10-10 15:39:10+00:00,2017-10,billing_subscription_purchase,False,False,True,True,"money-sensitive purchase, charge, subscription, or fulfillment issue",rules_plus_AI_review,False,"We can help with that purchase or subscription issue. Review your purchase history at reportaproblem.apple.com and your subscriptions in Settings > [your name] > Subscriptions. For account-specific assistance, contact Apple Support."
963715,@AppleSupport please fix this update! Battery life sucks!!,Sat Oct 21 21:07:53 +0000 2017,4,2017-10-21 21:07:53+00:00,2017-10,software_update_performance,False,False,True,False,routine software troubleshooting is safe to auto-handle,rules_plus_AI_review,False,"Sorry you’re experiencing this after an update. Please restart your iPhone, check Settings > General > Software Update for any follow-up update, and make sure you have enough free storage. If it continues, contact Apple Support with your iPhone model and iOS version so we can help investigate."
97589,"@AppleSupport my Apple Watch is unlocking itself! I put it on my wrist in the morning and it asks for an unlock code, if I don’t enter the code it automatically unlocks itself after a couple of minutes anyway! 😳😳 Any ideas? 🙏",Thu Nov 23 12:50:29 +0000 2017,2,2017-11-23 12:50:29+00:00,2017-11,account_access_security,False,False,True,True,security-sensitive; identity or legitimacy verification may be required,rules_plus_AI_review,False,"We can help you regain secure access. For your protection, never share passwords or verification codes. Start account recovery at iforgot.apple.com, or contact Apple Support if you no longer have access to your trusted phone number or device."
92533,Absolute shock the iPhone 8 &amp; X come out and my 7 starts shutting down on 30% battery @115858 you are dirty eyed boys,Thu Nov 30 13:57:47 +0000 2017,2,2017-11-30 13:57:47+00:00,2017-11,software_update_performance,False,False,True,False,routine software troubleshooting is safe to auto-handle,rules_plus_AI_review,False,"Sorry you’re experiencing this after an update. Please restart your iPhone, check Settings > General > Software Update for any follow-up update, and make sure you have enough free storage. If it continues, contact Apple Support with your iPhone model and iOS version so we can help investigate."
523869,@AppleSupport why ios 11.1.2 often self rebooting? It back to passcode again,Sat Dec 02 03:33:21 +0000 2017,2,2017-12-02 03:33:21+00:00,2017-12,software_update_performance,False,False,True,False,routine software troubleshooting is safe to auto-handle,rules_plus_AI_review,False,"Sorry you’re experiencing this after an update. Please restart your iPhone, check Settings > General > Software Update for any follow-up update, and make sure you have enough free storage. If it continues, contact Apple Support with your iPhone model and iOS version so we can help investigate."
1037652,Hey @AppleSupport thanks for bricking my #AppleTV third generation with the latest update.,Mon Oct 23 02:02:14 +0000 2017,2,2017-10-23 02:02:14+00:00,2017-10,software_update_performance,False,False,True,False,routine software troubleshooting is safe to auto-handle,rules_plus_AI_review,False,"Sorry you’re experiencing this after an update. Please restart your iPhone, check Settings > General > Software Update for any follow-up update, and make sure you have enough free storage. If it continues, contact Apple Support with your iPhone model and iOS version so we can help investigate."
905226,My iPhone 📱 7 has basically been unusable since the update #superweak @115858,Fri Oct 20 23:40:13 +0000 2017,2,2017-10-20 23:40:13+00:00,2017-10,software_update_performance,False,False,True,False,routine software troubleshooting is safe to auto-handle,rules_plus_AI_review,False,"Sorry you’re experiencing this after an update. Please restart your iPhone, check Settings > General > Software Update for any follow-up update, and make sure you have enough free storage. If it continues, contact Apple Support with your iPhone model and iOS version so we can help investigate."
1014508,Portrait Lighting on iPhone 8 Plus lets you create dramatic studio lighting effects.,Fri Sep 29 21:43:24 +0000 2017,9,2017-09-29 21:43:24+00:00,2017-09,out_of_scope,False,False,False,False,excluded: not a support request,rules_plus_AI_review,False,"Thanks for reaching out. This request is outside the support help we can provide here. For Apple product assistance, please describe the Apple device and issue you need help with."
742292,.@115858 Why is the new #iOS11 update causing my wifi to turn on constantly? cc @116333,Fri Oct 06 22:16:38 +0000 2017,6,2017-10-06 22:16:38+00:00,2017-10,connectivity,False,False,True,False,routine connectivity troubleshooting is safe to auto-handle,rules_plus_AI_review,False,"Sorry you’re having trouble connecting. Try turning Wi-Fi or Bluetooth off and back on, restarting the device, and installing the latest software update. If it persists, tell us your device model, software version, and the network/accessory involved."
519200,@115858  tell me why my iphone6s plus all of a sudden has issues with calibration coincidentally around the same time I updated my phone. My phone was working perfectly until that day. Why?,Sat Dec 02 01:40:12 +0000 2017,4,2017-12-02 01:40:12+00:00,2017-12,software_update_performance,False,False,True,False,routine software troubleshooting is safe to auto-handle,rules_plus_AI_review,False,"Sorry you’re experiencing this after an update. Please restart your iPhone, check Settings > General > Software Update for any follow-up update, and make sure you have enough free storage. If it continues, contact Apple Support with your iPhone model and iOS version so we can help investigate."
665847,What is going on Apple?? I️ have weird fonts popping up when I️ try to text!!! @AppleSupport,Sat Nov 11 17:43:11 +0000 2017,2,2017-11-11 17:43:11+00:00,2017-11,software_update_performance,False,False,True,False,routine software troubleshooting is safe to auto-handle,rules_plus_AI_review,False,"Sorry you’re experiencing this after an update. Please restart your iPhone, check Settings > General > Software Update for any follow-up update, and make sure you have enough free storage. If it continues, contact Apple Support with your iPhone model and iOS version so we can help investigate."
115990,@115858 why is this a Siri suggested website? https://t.co/P7SQKqRIpr,Thu Nov 23 21:03:46 +0000 2017,2,2017-11-23 21:03:46+00:00,2017-11,feature_how_to,False,False,True,False,informational or setup question is safe to auto-handle,rules_plus_AI_review,False,"We’re happy to help. You can find step-by-step guidance in the Apple Support app or at support.apple.com. Please tell us which Apple device and software version you’re using, and what you’d like to do."
333634,@AppleSupport Can you tell me how to fix this? Just updated High Sierra and Finder seems not working. https://t.co/SXB4Wb744z,Tue Oct 03 15:31:10 +0000 2017,3,2017-10-03 15:31:10+00:00,2017-10,software_update_performance,False,False,True,False,routine software troubleshooting is safe to auto-handle,rules_plus_AI_review,False,"Sorry you’re experiencing this after an update. Please restart your iPhone, check Settings > General > Software Update for any follow-up update, and make sure you have enough free storage. If it continues, contact Apple Support with your iPhone model and iOS version so we can help investigate."
143509,@AppleSupport hello I’ve been trying to get verification code for signing in to my apple ID but I didn’t receive any code. Need help.,Fri Nov 24 04:45:47 +0000 2017,4,2017-11-24 04:45:47+00:00,2017-11,account_access_security,False,False,True,True,security-sensitive; identity or legitimacy verification may be required,rules_plus_AI_review,False,"We can help you regain secure access. For your protection, never share passwords or verification codes. Start account recovery at iforgot.apple.com, or contact Apple Support if you no longer have access to your trusted phone number or device."
720693,@AppleSupport Incredibly annoying in iOS 11! Having to type the whole name of an app to search for it. https://t.co/U8k8nAI1w0,Sat Sep 23 12:11:02 +0000 2017,3,2017-09-23 12:11:02+00:00,2017-09,software_update_performance,False,False,True,False,routine software troubleshooting is safe to auto-handle,rules_plus_AI_review,False,"Sorry you’re experiencing this after an update. Please restart your iPhone, check Settings > General > Software Update for any follow-up update, and make sure you have enough free storage. If it continues, contact Apple Support with your iPhone model and iOS version so we can help investigate."
727094,"@115858 Did you even test iOS 11 before releasing it? Phone freezes all the time, carplay barely works, battery drains.  #ios11update #brick",Sun Sep 24 06:13:38 +0000 2017,5,2017-09-24 06:13:38+00:00,2017-09,software_update_performance,True,False,True,True,compound case; human review reduces the risk of an incomplete response,rules_plus_AI_review,False,"Sorry you’re experiencing this after an update. Please restart your iPhone, check Settings > General > Software Update for any follow-up update, and make sure you have enough free storage. If it continues, contact Apple Support with your iPhone model and iOS version so we can help investigate."
959710,The new update won’t look or use any of my photos 🙃 @115858,Sat Oct 21 23:55:15 +0000 2017,2,2017-10-21 23:55:15+00:00,2017-10,software_update_performance,False,False,True,False,routine software troubleshooting is safe to auto-handle,rules_plus_AI_review,False,"Sorry you’re experiencing this after an update. Please restart your iPhone, check Settings > General > Software Update for any follow-up update, and make sure you have enough free storage. If it continues, contact Apple Support with your iPhone model and iOS version so we can help investigate."
902803,@115858 this new update is crap. Nothing works. Can’t open majority of things. Sort it out. Oh and I actually want my texts to send thanks,Thu Nov 02 06:51:55 +0000 2017,2,2017-11-02 06:51:55+00:00,2017-11,software_update_performance,True,False,True,True,compound case; human review reduces the risk of an incomplete response,rules_plus_AI_review,False,"Sorry you’re experiencing this after an update. Please restart your iPhone, check Settings > General > Software Update for any follow-up update, and make sure you have enough free storage. If it continues, contact Apple Support with your iPhone model and iOS version so we can help investigate."
222989,Lento es el nuevo sistema operativo iOS 11.0.1 @AppleSupport @115858,Thu Oct 05 02:28:26 +0000 2017,2,2017-10-05 02:28:26+00:00,2017-10,out_of_scope,False,True,True,True,"non-English input, out of scope for v1 auto-handling",rules_plus_AI_review,False,"Thanks for contacting Apple Support. To make sure we help accurately, please contact Apple Support in your preferred language through the Apple Support app or getsupport.apple.com."
795769,Não to conseguindo baixar nem atualizar nada na App Store 🙄 @AppleSupport,Thu Oct 12 12:25:56 +0000 2017,2,2017-10-12 12:25:56+00:00,2017-10,out_of_scope,False,True,True,True,"non-English input, out of scope for v1 auto-handling",rules_plus_AI_review,False,"Thanks for contacting Apple Support. To make sure we help accurately, please contact Apple Support in your preferred language through the Apple Support app or getsupport.apple.com."
1009296,Omg. Do not upgrade your iPhone to the new iOS! What a joke. Everything crashes. @AppleSupport,Sun Oct 22 18:08:05 +0000 2017,4,2017-10-22 18:08:05+00:00,2017-10,software_update_performance,False,False,True,False,routine software troubleshooting is safe to auto-handle,rules_plus_AI_review,False,"Sorry you’re experiencing this after an update. Please restart your iPhone, check Settings > General > Software Update for any follow-up update, and make sure you have enough free storage. If it continues, contact Apple Support with your iPhone model and iOS version so we can help investigate."
395553,"@AppleSupport i had over 1100 songs on my iphone last week, now i have about 70 wtf is going on ?",Mon Oct 09 16:47:43 +0000 2017,8,2017-10-09 16:47:43+00:00,2017-10,data_backup_loss,False,False,True,True,significant or potentially irreversible data loss requires human review,rules_plus_AI_review,False,We’re sorry about the missing data. Please do not overwrite or erase the device yet. Check Settings > [your name] > iCloud > iCloud Backup and any recent computer backup. Apple Support can help review available recovery options.
807380,"Dear @AppleSupport, ongoing battery issues with iPhone 6S running iOS 11.0.2. No indication in 11.0.3 update of a fix. Reported on web b4.",Thu Oct 12 17:52:13 +0000 2017,2,2017-10-12 17:52:13+00:00,2017-10,software_update_performance,False,False,True,False,routine software troubleshooting is safe to auto-handle,rules_plus_AI_review,False,"Sorry you’re experiencing this after an update. Please restart your iPhone, check Settings > General > Software Update for any follow-up update, and make sure you have enough free storage. If it continues, contact Apple Support with your iPhone model and iOS version so we can help investigate."
845571,"@115858 Please fix the glitches from your last iPhone update for example using predictive text shouldn’t be complicated, it was easier before",Fri Oct 13 04:02:00 +0000 2017,9,2017-10-13 04:02:00+00:00,2017-10,software_update_performance,False,False,True,False,routine software troubleshooting is safe to auto-handle,rules_plus_AI_review,False,"Sorry you’re experiencing this after an update. Please restart your iPhone, check Settings > General > Software Update for any follow-up update, and make sure you have enough free storage. If it continues, contact Apple Support with your iPhone model and iOS version so we can help investigate."
90548,@135595 se supone que todavía está firmada.,Wed Nov 29 07:20:14 +0000 2017,5,2017-11-29 07:20:14+00:00,2017-11,out_of_scope,False,True,True,True,"non-English input, out of scope for v1 auto-handling",rules_plus_AI_review,False,"Thanks for contacting Apple Support. To make sure we help accurately, please contact Apple Support in your preferred language through the Apple Support app or getsupport.apple.com."
228481,@170466 @170467 @115858 Gotta turn off auto updates. I never had problems with my 6 or 7 plus and my 10 is just fine.,Tue Nov 14 18:14:33 +0000 2017,5,2017-11-14 18:14:33+00:00,2017-11,out_of_scope,False,False,False,False,excluded: not a support request,rules_plus_AI_review,False,"Thanks for reaching out. This request is outside the support help we can provide here. For Apple product assistance, please describe the Apple device and issue you need help with."
1006080,"@AppleSupport Hi, been having a lot of trouble with my iPhone lately and any help or advice u could give would really help.",Sun Oct 22 18:10:16 +0000 2017,5,2017-10-22 18:10:16+00:00,2017-10,other_unclear,False,False,True,False,insufficient detail; ask one clarifying question before routing,rules_plus_AI_review,False,"Sorry you’re running into this. Could you share your device model, software version, and what happens when you try? With those details, Apple Support can point you to the right next step."
430751,Ever since the new iOS update my front camera doesn’t work. #iPhoneProblems @115858 @AppleSupport,Tue Oct 10 12:10:12 +0000 2017,2,2017-10-10 12:10:12+00:00,2017-10,software_update_performance,False,False,True,False,routine software troubleshooting is safe to auto-handle,rules_plus_AI_review,False,"Sorry you’re experiencing this after an update. Please restart your iPhone, check Settings > General > Software Update for any follow-up update, and make sure you have enough free storage. If it continues, contact Apple Support with your iPhone model and iOS version so we can help investigate."
610096,"At Apple, we believe privacy is a fundamental human right. Read the latest on our efforts to protect your data: https://t.co/5Nl278U3oy",Thu Sep 28 23:20:48 +0000 2017,3,2017-09-28 23:20:48+00:00,2017-09,out_of_scope,False,False,False,False,excluded: not a support request,rules_plus_AI_review,False,"Thanks for reaching out. This request is outside the support help we can provide here. For Apple product assistance, please describe the Apple device and issue you need help with."
301540,@AppleSupport can y’all please fix the music app in the control panel? i have bluetooth headphones and it won’t let me skip songs. https://t.co/iTYcKa5aUK,Fri Oct 06 18:23:59 +0000 2017,6,2017-10-06 18:23:59+00:00,2017-10,software_update_performance,False,False,True,False,routine software troubleshooting is safe to auto-handle,rules_plus_AI_review,False,"Sorry you’re experiencing this after an update. Please restart your iPhone, check Settings > General > Software Update for any follow-up update, and make sure you have enough free storage. If it continues, contact Apple Support with your iPhone model and iOS version so we can help investigate."
320931,@AppleSupport terrible battery life on the iPhone 8.. if u use iMessage constantly the battery lasts no more than 3-4 hours,Sat Oct 07 02:58:33 +0000 2017,2,2017-10-07 02:58:33+00:00,2017-10,software_update_performance,False,False,True,False,routine software troubleshooting is safe to auto-handle,rules_plus_AI_review,False,"Sorry you’re experiencing this after an update. Please restart your iPhone, check Settings > General > Software Update for any follow-up update, and make sure you have enough free storage. If it continues, contact Apple Support with your iPhone model and iOS version so we can help investigate."
487847,"Apple Pay and Wallet is great, however it would be sooo nice to be able to label/name your cards. I can never remember which one I should use for which occasion. @AppleSupport @123857 @116333 https://t.co/7X3IEXULGp",Fri Dec 01 14:13:06 +0000 2017,2,2017-12-01 14:13:06+00:00,2017-12,feature_how_to,False,False,True,False,informational or setup question is safe to auto-handle,rules_plus_AI_review,False,"We’re happy to help. You can find step-by-step guidance in the Apple Support app or at support.apple.com. Please tell us which Apple device and software version you’re using, and what you’d like to do."
174124,Hey @115858 hard pass on updating my iOS until I can reliably type the letter 'I' without it being an unintelligible character. https://t.co/AVY5c8tC6o,Fri Nov 24 23:06:04 +0000 2017,3,2017-11-24 23:06:04+00:00,2017-11,software_update_performance,False,False,True,False,routine software troubleshooting is safe to auto-handle,rules_plus_AI_review,False,"Sorry you’re experiencing this after an update. Please restart your iPhone, check Settings > General > Software Update for any follow-up update, and make sure you have enough free storage. If it continues, contact Apple Support with your iPhone model and iOS version so we can help investigate."
856115,"@AppleSupport Since I updated to the iOS 11.0.3 my iPhone 7+ is disconnecting on its own from my cellular data, and the battery life is bad",Fri Oct 20 14:59:32 +0000 2017,2,2017-10-20 14:59:32+00:00,2017-10,connectivity,True,False,True,True,compound case; human review reduces the risk of an incomplete response,rules_plus_AI_review,False,"Sorry you’re having trouble connecting. Try turning Wi-Fi or Bluetooth off and back on, restarting the device, and installing the latest software update. If it persists, tell us your device model, software version, and the network/accessory involved."
963349,@AppleSupport could you please sort out the music app crashing every hour? So annoying now 😡😩,Sat Oct 14 01:45:03 +0000 2017,4,2017-10-14 01:45:03+00:00,2017-10,software_update_performance,False,False,True,False,routine software troubleshooting is safe to auto-handle,rules_plus_AI_review,False,"Sorry you’re experiencing this after an update. Please restart your iPhone, check Settings > General > Software Update for any follow-up update, and make sure you have enough free storage. If it continues, contact Apple Support with your iPhone model and iOS version so we can help investigate."
602393,"Winter, the time of year when fraking Touch ID Stops working @AppleSupport https://t.co/9eFO3uS40u",Sun Dec 03 21:49:48 +0000 2017,2,2017-12-03 21:49:48+00:00,2017-12,hardware_physical,False,False,True,True,physical-device or potential safety issue requires human assessment,rules_plus_AI_review,False,"Sorry your device is having a hardware-related issue. Avoid further use if it is hot, swollen, damaged, or has a damaged battery. You can arrange an inspection through the Apple Support app or at getsupport.apple.com."
596869,@AppleSupport estaba muy feliz con mi iphone hasta que por error instale el ios 11. Pensando que podia mejorar instale también las siguientes actualizaciones pero nada mejoró.. ahora mi móvil es lento y consuma mucha batería. Que solución tengo?,Sun Dec 03 18:58:11 +0000 2017,2,2017-12-03 18:58:11+00:00,2017-12,out_of_scope,False,True,True,True,"non-English input, out of scope for v1 auto-handling",rules_plus_AI_review,False,"Thanks for contacting Apple Support. To make sure we help accurately, please contact Apple Support in your preferred language through the Apple Support app or getsupport.apple.com."
453908,BUG FIXES @AppleSupport https://t.co/deilpYfDOc,Thu Nov 30 22:40:50 +0000 2017,2,2017-11-30 22:40:50+00:00,2017-11,other_unclear,False,False,True,False,insufficient detail; ask one clarifying question before routing,rules_plus_AI_review,False,"Sorry you’re running into this. Could you share your device model, software version, and what happens when you try? With those details, Apple Support can point you to the right next step."
713785,@AppleSupport  app store downloads have been impossibly slow for the last week since iOS11 &amp; I mean impossible,Tue Oct 10 22:31:54 +0000 2017,2,2017-10-10 22:31:54+00:00,2017-10,software_update_performance,False,False,True,False,routine software troubleshooting is safe to auto-handle,rules_plus_AI_review,False,"Sorry you’re experiencing this after an update. Please restart your iPhone, check Settings > General > Software Update for any follow-up update, and make sure you have enough free storage. If it continues, contact Apple Support with your iPhone model and iOS version so we can help investigate."
565926,Ah so when it’s Apple going to update Xcode with 11.2 support? Updated my iPhone 6s and now can’t build my project for my device. Thanks @AppleSupport,Sun Dec 03 00:47:31 +0000 2017,3,2017-12-03 00:47:31+00:00,2017-12,feature_how_to,False,False,True,False,informational or setup question is safe to auto-handle,rules_plus_AI_review,False,"We’re happy to help. You can find step-by-step guidance in the Apple Support app or at support.apple.com. Please tell us which Apple device and software version you’re using, and what you’d like to do."
145156,"Well I have been facing a problem on @115858 store, which fails to load on my phone. Trying to play @148887 which asks for update after intervals, yet when I open the store, it fails to load. Game works sometimes, asks for update in the other. Please help, @AppleSupport.",Fri Nov 24 06:39:37 +0000 2017,4,2017-11-24 06:39:37+00:00,2017-11,software_update_performance,False,False,True,False,routine software troubleshooting is safe to auto-handle,rules_plus_AI_review,False,"Sorry you’re experiencing this after an update. Please restart your iPhone, check Settings > General > Software Update for any follow-up update, and make sure you have enough free storage. If it continues, contact Apple Support with your iPhone model and iOS version so we can help investigate."
382962,@AppleSupport when is my “I️” not going to autocorrect to something ridiculous?,Sat Nov 04 06:35:42 +0000 2017,2,2017-11-04 06:35:42+00:00,2017-11,software_update_performance,False,False,True,False,routine software troubleshooting is safe to auto-handle,rules_plus_AI_review,False,"Sorry you’re experiencing this after an update. Please restart your iPhone, check Settings > General > Software Update for any follow-up update, and make sure you have enough free storage. If it continues, contact Apple Support with your iPhone model and iOS version so we can help investigate."
81988,Okay but why has my iPhone 6 battery been dying 500x faster since installing IOS11?? 🙃 @AppleSupport,Thu Nov 30 04:52:02 +0000 2017,2,2017-11-30 04:52:02+00:00,2017-11,software_update_performance,False,False,True,False,routine software troubleshooting is safe to auto-handle,rules_plus_AI_review,False,"Sorry you’re experiencing this after an update. Please restart your iPhone, check Settings > General > Software Update for any follow-up update, and make sure you have enough free storage. If it continues, contact Apple Support with your iPhone model and iOS version so we can help investigate."
552067,@AppleSupport i have ios 11.2 but still no apple pay cash???,Sat Dec 02 15:07:07 +0000 2017,3,2017-12-02 15:07:07+00:00,2017-12,feature_how_to,False,False,True,False,informational or setup question is safe to auto-handle,rules_plus_AI_review,False,"We’re happy to help. You can find step-by-step guidance in the Apple Support app or at support.apple.com. Please tell us which Apple device and software version you’re using, and what you’d like to do."
695335,@AppleSupport my iPhone 7 keeps freezing. I have to reboot every time and it happens around 2/3 x a day,Thu Nov 23 12:04:46 +0000 2017,2,2017-11-23 12:04:46+00:00,2017-11,software_update_performance,False,False,True,False,routine software troubleshooting is safe to auto-handle,rules_plus_AI_review,False,"Sorry you’re experiencing this after an update. Please restart your iPhone, check Settings > General > Software Update for any follow-up update, and make sure you have enough free storage. If it continues, contact Apple Support with your iPhone model and iOS version so we can help investigate."
87009,"Hi, guess you guys need to hire efficient #iOS developers. My phone has been lagging ever since the #ios11 got its new update. @AppleSupport",Thu Nov 30 09:12:22 +0000 2017,2,2017-11-30 09:12:22+00:00,2017-11,software_update_performance,False,False,True,False,routine software troubleshooting is safe to auto-handle,rules_plus_AI_review,False,"Sorry you’re experiencing this after an update. Please restart your iPhone, check Settings > General > Software Update for any follow-up update, and make sure you have enough free storage. If it continues, contact Apple Support with your iPhone model and iOS version so we can help investigate."
40558,"Hey @115858 just got a fake email from u, telling me someone accessed my iCloud, &amp; if it wasn't me to use a link provided. Just saying 🤦🏼‍♀️",Wed Nov 01 14:18:13 +0000 2017,2,2017-11-01 14:18:13+00:00,2017-11,account_access_security,False,False,True,True,security-sensitive; identity or legitimacy verification may be required,rules_plus_AI_review,False,"We can help you regain secure access. For your protection, never share passwords or verification codes. Start account recovery at iforgot.apple.com, or contact Apple Support if you no longer have access to your trusted phone number or device."
570925,"@AppleSupport I updated to 11.2, but don’t see anything about new Apple Pay cash feature anywhere. Please help",Sun Dec 03 03:49:25 +0000 2017,2,2017-12-03 03:49:25+00:00,2017-12,feature_how_to,False,False,True,False,informational or setup question is safe to auto-handle,rules_plus_AI_review,False,"We’re happy to help. You can find step-by-step guidance in the Apple Support app or at support.apple.com. Please tell us which Apple device and software version you’re using, and what you’d like to do."
489681,@AppleSupport why did apple killed security in ios 11? An attacker with passcode have total and complete access to phone!,Fri Dec 01 15:25:03 +0000 2017,2,2017-12-01 15:25:03+00:00,2017-12,account_access_security,False,False,True,True,security-sensitive; identity or legitimacy verification may be required,rules_plus_AI_review,False,"We can help you regain secure access. For your protection, never share passwords or verification codes. Start account recovery at iforgot.apple.com, or contact Apple Support if you no longer have access to your trusted phone number or device."
284069,@AppleSupport the new iOS update has killed battery life. It is midday and I’m already at 30% on an iPhone 7 - most of the time on standby,Fri Oct 06 05:32:24 +0000 2017,4,2017-10-06 05:32:24+00:00,2017-10,software_update_performance,False,False,True,False,routine software troubleshooting is safe to auto-handle,rules_plus_AI_review,False,"Sorry you’re experiencing this after an update. Please restart your iPhone, check Settings > General > Software Update for any follow-up update, and make sure you have enough free storage. If it continues, contact Apple Support with your iPhone model and iOS version so we can help investigate."
146628,@AppleSupport how can i check the battery health on my iphone5? it often shuts down at 30% or so,Fri Nov 24 08:51:36 +0000 2017,2,2017-11-24 08:51:36+00:00,2017-11,feature_how_to,False,False,True,False,informational or setup question is safe to auto-handle,rules_plus_AI_review,False,"We’re happy to help. You can find step-by-step guidance in the Apple Support app or at support.apple.com. Please tell us which Apple device and software version you’re using, and what you’d like to do."
715644,yo @115858 why my phone die as fast as it charges?,Fri Oct 06 01:54:28 +0000 2017,4,2017-10-06 01:54:28+00:00,2017-10,hardware_physical,False,False,True,True,physical-device or potential safety issue requires human assessment,rules_plus_AI_review,False,"Sorry your device is having a hardware-related issue. Avoid further use if it is hot, swollen, damaged, or has a damaged battery. You can arrange an inspection through the Apple Support app or at getsupport.apple.com."
506511,"@AppleSupport I have recovered MAC OS after consultation on apple helpline and Im unable to run photos, plz guide what to do with it. https://t.co/cCJCYX6BRC",Fri Dec 01 21:01:50 +0000 2017,2,2017-12-01 21:01:50+00:00,2017-12,software_update_performance,False,False,True,False,routine software troubleshooting is safe to auto-handle,rules_plus_AI_review,False,"Sorry you’re experiencing this after an update. Please restart your iPhone, check Settings > General > Software Update for any follow-up update, and make sure you have enough free storage. If it continues, contact Apple Support with your iPhone model and iOS version so we can help investigate."
612813,@115858 FIX THESE I’s!!,Wed Nov 22 06:49:02 +0000 2017,2,2017-11-22 06:49:02+00:00,2017-11,software_update_performance,False,False,True,False,routine software troubleshooting is safe to auto-handle,rules_plus_AI_review,False,"Sorry you’re experiencing this after an update. Please restart your iPhone, check Settings > General > Software Update for any follow-up update, and make sure you have enough free storage. If it continues, contact Apple Support with your iPhone model and iOS version so we can help investigate."
722947,@AppleSupport @116333 on iPhone 6 with iOS11 I'm facing performance &amp; battery issues. Phone's acting like a sloth while binging battery.,Fri Oct 06 13:42:42 +0000 2017,2,2017-10-06 13:42:42+00:00,2017-10,software_update_performance,True,False,True,True,compound case; human review reduces the risk of an incomplete response,rules_plus_AI_review,False,"Sorry you’re experiencing this after an update. Please restart your iPhone, check Settings > General > Software Update for any follow-up update, and make sure you have enough free storage. If it continues, contact Apple Support with your iPhone model and iOS version so we can help investigate."
864455,"My iPhone isn't working very well since their latest ""update"". What gives @AppleSupport ?",Fri Oct 20 16:13:44 +0000 2017,4,2017-10-20 16:13:44+00:00,2017-10,software_update_performance,False,False,True,False,routine software troubleshooting is safe to auto-handle,rules_plus_AI_review,False,"Sorry you’re experiencing this after an update. Please restart your iPhone, check Settings > General > Software Update for any follow-up update, and make sure you have enough free storage. If it continues, contact Apple Support with your iPhone model and iOS version so we can help investigate."
553681,@AppleSupport the bug causing all the apps to crash and associated update is not working. can't even get to point of downloading update b/c everything keeps crashing. awesome work.,Sat Dec 02 15:51:50 +0000 2017,2,2017-12-02 15:51:50+00:00,2017-12,software_update_performance,False,False,True,False,routine software troubleshooting is safe to auto-handle,rules_plus_AI_review,False,"Sorry you’re experiencing this after an update. Please restart your iPhone, check Settings > General > Software Update for any follow-up update, and make sure you have enough free storage. If it continues, contact Apple Support with your iPhone model and iOS version so we can help investigate."
817882,@115858 what’s with the new update breaking my phone!! All of my apps for uni won’t work!!! Come on get it sorted,Sun Oct 08 16:24:19 +0000 2017,2,2017-10-08 16:24:19+00:00,2017-10,software_update_performance,False,False,True,False,routine software troubleshooting is safe to auto-handle,rules_plus_AI_review,False,"Sorry you’re experiencing this after an update. Please restart your iPhone, check Settings > General > Software Update for any follow-up update, and make sure you have enough free storage. If it continues, contact Apple Support with your iPhone model and iOS version so we can help investigate."
817027,@AppleSupport my iPhone 6 battery accuracy has been inaccurate since I downloaded iOS11. It turns off without 20% battery remaining alert,Thu Oct 12 20:40:38 +0000 2017,4,2017-10-12 20:40:38+00:00,2017-10,software_update_performance,False,False,True,False,routine software troubleshooting is safe to auto-handle,rules_plus_AI_review,False,"Sorry you’re experiencing this after an update. Please restart your iPhone, check Settings > General > Software Update for any follow-up update, and make sure you have enough free storage. If it continues, contact Apple Support with your iPhone model and iOS version so we can help investigate."
599141,yooooo @115858 stop fuckin around and let me connect to my imessage,Sun Dec 03 19:54:10 +0000 2017,2,2017-12-03 19:54:10+00:00,2017-12,connectivity,False,False,True,False,routine connectivity troubleshooting is safe to auto-handle,rules_plus_AI_review,False,"Sorry you’re having trouble connecting. Try turning Wi-Fi or Bluetooth off and back on, restarting the device, and installing the latest software update. If it persists, tell us your device model, software version, and the network/accessory involved."
851747,"Es solo mi iPhone o qué, desde que se actualizo a iOS 11 no me llegan las notificaciones de whatsapp hasta que abro la app! @AppleSupport",Fri Oct 20 05:02:23 +0000 2017,4,2017-10-20 05:02:23+00:00,2017-10,out_of_scope,False,True,True,True,"non-English input, out of scope for v1 auto-handling",rules_plus_AI_review,False,"Thanks for contacting Apple Support. To make sure we help accurately, please contact Apple Support in your preferred language through the Apple Support app or getsupport.apple.com."
403105,"@AppleSupport The battery issue is so frustrating, suddenly drained from 39% to 4%! What the hell is wrong with 11.0.2?!",Mon Oct 09 19:42:15 +0000 2017,2,2017-10-09 19:42:15+00:00,2017-10,software_update_performance,False,False,True,False,routine software troubleshooting is safe to auto-handle,rules_plus_AI_review,False,"Sorry you’re experiencing this after an update. Please restart your iPhone, check Settings > General > Software Update for any follow-up update, and make sure you have enough free storage. If it continues, contact Apple Support with your iPhone model and iOS version so we can help investigate."
1021683,@AppleSupport is there anyway I can seriously get this Bluetooth issues fixed already you guys do the dumbest updates and ruins the phone,Sun Oct 22 22:27:51 +0000 2017,2,2017-10-22 22:27:51+00:00,2017-10,connectivity,False,False,True,False,routine connectivity troubleshooting is safe to auto-handle,rules_plus_AI_review,False,"Sorry you’re having trouble connecting. Try turning Wi-Fi or Bluetooth off and back on, restarting the device, and installing the latest software update. If it persists, tell us your device model, software version, and the network/accessory involved."
34641,Now my flash light won’t work and my Touch ID is being temperamental… sort it out @115858 https://t.co/uwh1UM9f3S,Wed Nov 01 01:09:23 +0000 2017,3,2017-11-01 01:09:23+00:00,2017-11,hardware_physical,True,False,True,True,physical-device or potential safety issue requires human assessment,rules_plus_AI_review,False,"Sorry your device is having a hardware-related issue. Avoid further use if it is hot, swollen, damaged, or has a damaged battery. You can arrange an inspection through the Apple Support app or at getsupport.apple.com."
550659,@AppleSupport My iPhone is rebooting every 30 second. Understand it’s a date bug. I believe 11.2 update fixes the issue. How do I fix it if my iPhone is not stable enough to download this update?,Sat Dec 02 13:55:39 +0000 2017,2,2017-12-02 13:55:39+00:00,2017-12,software_update_performance,False,False,True,False,routine software troubleshooting is safe to auto-handle,rules_plus_AI_review,False,"Sorry you’re experiencing this after an update. Please restart your iPhone, check Settings > General > Software Update for any follow-up update, and make sure you have enough free storage. If it continues, contact Apple Support with your iPhone model and iOS version so we can help investigate."
770928,@AppleSupport is this legitimate https://t.co/Uz0JADsfjb,Wed Oct 11 23:47:03 +0000 2017,2,2017-10-11 23:47:03+00:00,2017-10,account_access_security,False,False,True,True,security-sensitive; identity or legitimacy verification may be required,rules_plus_AI_review,False,"We can help you regain secure access. For your protection, never share passwords or verification codes. Start account recovery at iforgot.apple.com, or contact Apple Support if you no longer have access to your trusted phone number or device."
739397,@AppleSupport since update battery is dying quick. Need help,Fri Oct 06 19:14:30 +0000 2017,2,2017-10-06 19:14:30+00:00,2017-10,software_update_performance,False,False,True,False,routine software troubleshooting is safe to auto-handle,rules_plus_AI_review,False,"Sorry you’re experiencing this after an update. Please restart your iPhone, check Settings > General > Software Update for any follow-up update, and make sure you have enough free storage. If it continues, contact Apple Support with your iPhone model and iOS version so we can help investigate."
522085,@AppleSupport Trying to backup a new iPhone X gives me a Backup Error -36 in Console. Over 60GB space available on Mac HD. Any idea what is wrong? Thank you.,Sat Dec 02 02:42:13 +0000 2017,6,2017-12-02 02:42:13+00:00,2017-12,data_backup_loss,False,False,True,False,data-loss or recovery triage; escalate if standard recovery steps fail,rules_plus_AI_review,False,We’re sorry about the missing data. Please do not overwrite or erase the device yet. Check Settings > [your name] > iCloud > iCloud Backup and any recent computer backup. Apple Support can help review available recovery options.
798869,"@115858 @AppleSupport why when i use the shortcut buttons to turn off bluetooth why does it still stay on, i have to go into the settings to",Thu Oct 12 13:59:20 +0000 2017,4,2017-10-12 13:59:20+00:00,2017-10,connectivity,False,False,True,False,routine connectivity troubleshooting is safe to auto-handle,rules_plus_AI_review,False,"Sorry you’re having trouble connecting. Try turning Wi-Fi or Bluetooth off and back on, restarting the device, and installing the latest software update. If it persists, tell us your device model, software version, and the network/accessory involved."
831302,“I’d argue that iOS 11.0.2 is even worse on battery life. Crazy battery life for 11.0.2!!! Hello  @115858 @AppleSupport,Mon Oct 09 00:30:35 +0000 2017,4,2017-10-09 00:30:35+00:00,2017-10,software_update_performance,False,False,True,False,routine software troubleshooting is safe to auto-handle,rules_plus_AI_review,False,"Sorry you’re experiencing this after an update. Please restart your iPhone, check Settings > General > Software Update for any follow-up update, and make sure you have enough free storage. If it continues, contact Apple Support with your iPhone model and iOS version so we can help investigate."
998925,Ever since I️ updated my phone it keeps sending question marks in boxes. I️ pay too much $ for this to happen @115858 fix it,Sat Nov 04 14:37:13 +0000 2017,7,2017-11-04 14:37:13+00:00,2017-11,software_update_performance,False,False,True,False,routine software troubleshooting is safe to auto-handle,rules_plus_AI_review,False,"Sorry you’re experiencing this after an update. Please restart your iPhone, check Settings > General > Software Update for any follow-up update, and make sure you have enough free storage. If it continues, contact Apple Support with your iPhone model and iOS version so we can help investigate."
391712,Well done @115858 your latest update for iPhone wiped all my latest downloads and playlists in music. Top work there 🙄,Mon Oct 09 14:29:44 +0000 2017,2,2017-10-09 14:29:44+00:00,2017-10,data_backup_loss,False,False,True,True,significant or potentially irreversible data loss requires human review,rules_plus_AI_review,False,We’re sorry about the missing data. Please do not overwrite or erase the device yet. Check Settings > [your name] > iCloud > iCloud Backup and any recent computer backup. Apple Support can help review available recovery options.
567661,@115858 time cursor not moving from 2.09 when you looking at the player on a locked screen (music’s been played properly just displaying issues)... https://t.co/wgWAHiSLF1,Sun Dec 03 01:43:14 +0000 2017,4,2017-12-03 01:43:14+00:00,2017-12,software_update_performance,False,False,True,False,routine software troubleshooting is safe to auto-handle,rules_plus_AI_review,False,"Sorry you’re experiencing this after an update. Please restart your iPhone, check Settings > General > Software Update for any follow-up update, and make sure you have enough free storage. If it continues, contact Apple Support with your iPhone model and iOS version so we can help investigate."
648550,I updated my Macbook and now it won't open any links sent from iMessage or email. Anyone else had this issue? @AppleSupport,Wed Nov 22 18:53:03 +0000 2017,2,2017-11-22 18:53:03+00:00,2017-11,software_update_performance,False,False,True,False,routine software troubleshooting is safe to auto-handle,rules_plus_AI_review,False,"Sorry you’re experiencing this after an update. Please restart your iPhone, check Settings > General > Software Update for any follow-up update, and make sure you have enough free storage. If it continues, contact Apple Support with your iPhone model and iOS version so we can help investigate."
333645,@115858 @AppleSupport had the iPhone 8 4 days and a crack has appeared in the middle from the side. No signs of impact anywhere ???,Sat Oct 07 06:55:07 +0000 2017,4,2017-10-07 06:55:07+00:00,2017-10,hardware_physical,False,False,True,True,physical-device or potential safety issue requires human assessment,rules_plus_AI_review,False,"Sorry your device is having a hardware-related issue. Avoid further use if it is hot, swollen, damaged, or has a damaged battery. You can arrange an inspection through the Apple Support app or at getsupport.apple.com."
652241,@115858 @AppleSupport que puedo hacer con el lag del teclado en iOS 11 en un iPhone 6Plus??,Tue Oct 10 17:24:19 +0000 2017,3,2017-10-10 17:24:19+00:00,2017-10,out_of_scope,False,True,True,True,"non-English input, out of scope for v1 auto-handling",rules_plus_AI_review,False,"Thanks for contacting Apple Support. To make sure we help accurately, please contact Apple Support in your preferred language through the Apple Support app or getsupport.apple.com."
663875,This mix up with iPhone typing is getting so bad that my phone has It on autocorrect. Come on @AppleSupport ??? When are you going to help me out????,Thu Nov 23 02:17:42 +0000 2017,6,2017-11-23 02:17:42+00:00,2017-11,software_update_performance,False,False,True,False,routine software troubleshooting is safe to auto-handle,rules_plus_AI_review,False,"Sorry you’re experiencing this after an update. Please restart your iPhone, check Settings > General > Software Update for any follow-up update, and make sure you have enough free storage. If it continues, contact Apple Support with your iPhone model and iOS version so we can help investigate."
501525,"@AppleSupport ,@115858 facing problems with 3D Touch on new iPhone X.Tried to solve it by factory resetting but in vain.Please provide support for it.",Fri Dec 01 19:07:25 +0000 2017,4,2017-12-01 19:07:25+00:00,2017-12,hardware_physical,False,False,True,True,physical-device or potential safety issue requires human assessment,rules_plus_AI_review,False,"Sorry your device is having a hardware-related issue. Avoid further use if it is hot, swollen, damaged, or has a damaged battery. You can arrange an inspection through the Apple Support app or at getsupport.apple.com."
184867,@AppleSupport @115858 when are you gonna fix this problem I️ have with typing it would be great if you can let me know,Tue Nov 14 04:07:58 +0000 2017,4,2017-11-14 04:07:58+00:00,2017-11,software_update_performance,False,False,True,False,routine software troubleshooting is safe to auto-handle,rules_plus_AI_review,False,"Sorry you’re experiencing this after an update. Please restart your iPhone, check Settings > General > Software Update for any follow-up update, and make sure you have enough free storage. If it continues, contact Apple Support with your iPhone model and iOS version so we can help investigate."
284771,@AppleSupport since upgrade to iOS 11 my iPhone 7’s battery life is even worse than before! i can watch the % drop as I’m using my phone! 👎,Mon Sep 25 17:25:39 +0000 2017,6,2017-09-25 17:25:39+00:00,2017-09,software_update_performance,False,False,True,False,routine software troubleshooting is safe to auto-handle,rules_plus_AI_review,False,"Sorry you’re experiencing this after an update. Please restart your iPhone, check Settings > General > Software Update for any follow-up update, and make sure you have enough free storage. If it continues, contact Apple Support with your iPhone model and iOS version so we can help investigate."
394549,@115858 No more updates for the iPad? Mine is still at 9.3.5 #apple #ipad,Mon Oct 09 16:24:30 +0000 2017,2,2017-10-09 16:24:30+00:00,2017-10,feature_how_to,False,False,True,False,informational or setup question is safe to auto-handle,rules_plus_AI_review,False,"We’re happy to help. You can find step-by-step guidance in the Apple Support app or at support.apple.com. Please tell us which Apple device and software version you’re using, and what you’d like to do."
559195,"I swear @115858 ...if you give me ONE more reason to hate you &amp; your software.  Now my phone shuts off automatically every 70-seconds. And turns back on.  I’ve tried everything, so don’t give me any @AppleSupport.  Just be better.  #SamsungGalaxyS8 #GooglePixel2",Sat Dec 02 21:28:35 +0000 2017,4,2017-12-02 21:28:35+00:00,2017-12,software_update_performance,False,False,True,False,routine software troubleshooting is safe to auto-handle,rules_plus_AI_review,False,"Sorry you’re experiencing this after an update. Please restart your iPhone, check Settings > General > Software Update for any follow-up update, and make sure you have enough free storage. If it continues, contact Apple Support with your iPhone model and iOS version so we can help investigate."
752171,@115858 I do the IOS update and now 6s+ is hella slow and laggy. Come on guys,Sat Oct 07 00:40:41 +0000 2017,2,2017-10-07 00:40:41+00:00,2017-10,software_update_performance,False,False,True,False,routine software troubleshooting is safe to auto-handle,rules_plus_AI_review,False,"Sorry you’re experiencing this after an update. Please restart your iPhone, check Settings > General > Software Update for any follow-up update, and make sure you have enough free storage. If it continues, contact Apple Support with your iPhone model and iOS version so we can help investigate."
96995,@115858 @AppleSupport the Bluetooth function on my iPhone is super frustrating! I accidentally pressed forget device and now my iPhone is forgetting my wireless headphone forever! I did all reset but still can’t find my device! so frustrating!,Thu Nov 30 16:06:41 +0000 2017,2,2017-11-30 16:06:41+00:00,2017-11,connectivity,False,False,True,False,routine connectivity troubleshooting is safe to auto-handle,rules_plus_AI_review,False,"Sorry you’re having trouble connecting. Try turning Wi-Fi or Bluetooth off and back on, restarting the device, and installing the latest software update. If it persists, tell us your device model, software version, and the network/accessory involved."
543696,"@AppleSupport this is the 3rd time I update my iphone7 cause of ios11 failure, this is worst iOS update ever!! and this time its not fixed by the update.",Sat Dec 02 08:37:35 +0000 2017,2,2017-12-02 08:37:35+00:00,2017-12,software_update_performance,False,False,True,False,routine software troubleshooting is safe to auto-handle,rules_plus_AI_review,False,"Sorry you’re experiencing this after an update. Please restart your iPhone, check Settings > General > Software Update for any follow-up update, and make sure you have enough free storage. If it continues, contact Apple Support with your iPhone model and iOS version so we can help investigate."
211313,How do I get my fucking keyboard to go away @AppleSupport like why is it constantly there https://t.co/95UUxlq6RN,Wed Oct 04 18:08:41 +0000 2017,2,2017-10-04 18:08:41+00:00,2017-10,software_update_performance,False,False,True,False,routine software troubleshooting is safe to auto-handle,rules_plus_AI_review,False,"Sorry you’re experiencing this after an update. Please restart your iPhone, check Settings > General > Software Update for any follow-up update, and make sure you have enough free storage. If it continues, contact Apple Support with your iPhone model and iOS version so we can help investigate."
858922,@115858 I’ve updated my phone and the word is keeps changing to I.S ... why is it doing this? #help #confused #apple #iphone,Fri Oct 13 10:16:40 +0000 2017,4,2017-10-13 10:16:40+00:00,2017-10,software_update_performance,False,False,True,False,routine software troubleshooting is safe to auto-handle,rules_plus_AI_review,False,"Sorry you’re experiencing this after an update. Please restart your iPhone, check Settings > General > Software Update for any follow-up update, and make sure you have enough free storage. If it continues, contact Apple Support with your iPhone model and iOS version so we can help investigate."
39646,@AppleSupport все нормально? https://t.co/2FmxTf31rg,Wed Nov 01 14:27:09 +0000 2017,2,2017-11-01 14:27:09+00:00,2017-11,out_of_scope,False,True,True,True,"non-English input, out of scope for v1 auto-handling",rules_plus_AI_review,False,"Thanks for contacting Apple Support. To make sure we help accurately, please contact Apple Support in your preferred language through the Apple Support app or getsupport.apple.com."
584743,@AppleSupport I am very disappointed with the performance of iOS 11 on my 6 plus.  Constantly freezing up.  Have been a big iPhone supporter for many years but now thinking of changing to android.  Not enough alpha testing on all devices.,Sun Dec 03 08:45:05 +0000 2017,2,2017-12-03 08:45:05+00:00,2017-12,software_update_performance,False,False,True,False,routine software troubleshooting is safe to auto-handle,rules_plus_AI_review,False,"Sorry you’re experiencing this after an update. Please restart your iPhone, check Settings > General > Software Update for any follow-up update, and make sure you have enough free storage. If it continues, contact Apple Support with your iPhone model and iOS version so we can help investigate."
567680,"@115858 If I wanted Bluetooth on, ad put it on. Stop activating it when a switch ma phone on or click off airplane mode. Fucking get this sorted pronto",Sun Dec 03 01:39:08 +0000 2017,4,2017-12-03 01:39:08+00:00,2017-12,connectivity,False,False,True,False,routine connectivity troubleshooting is safe to auto-handle,rules_plus_AI_review,False,"Sorry you’re having trouble connecting. Try turning Wi-Fi or Bluetooth off and back on, restarting the device, and installing the latest software update. If it persists, tell us your device model, software version, and the network/accessory involved."
488051,"Dear @115858. disk dies, disk replaced (along with motherboard). cannot restore from time machine,because it’s a different computer. YOU HAD ONE JOB!!!! backup-&gt;restore!! #fail",Fri Dec 01 13:44:04 +0000 2017,2,2017-12-01 13:44:04+00:00,2017-12,data_backup_loss,False,False,True,True,significant or potentially irreversible data loss requires human review,rules_plus_AI_review,False,We’re sorry about the missing data. Please do not overwrite or erase the device yet. Check Settings > [your name] > iCloud > iCloud Backup and any recent computer backup. Apple Support can help review available recovery options.
8568,@115858 wtf y’all got going on with my emojis 😐 I’m seeing boxes and shit,Tue Oct 31 23:42:39 +0000 2017,3,2017-10-31 23:42:39+00:00,2017-10,software_update_performance,False,False,True,False,routine software troubleshooting is safe to auto-handle,rules_plus_AI_review,False,"Sorry you’re experiencing this after an update. Please restart your iPhone, check Settings > General > Software Update for any follow-up update, and make sure you have enough free storage. If it continues, contact Apple Support with your iPhone model and iOS version so we can help investigate."
554084,"@AppleSupport I'm having some problems with my IPhone 7, it keeps restarting and showing a black screen with a spinning icon. How do I fix this?",Sat Dec 02 15:54:43 +0000 2017,3,2017-12-02 15:54:43+00:00,2017-12,software_update_performance,False,False,True,False,routine software troubleshooting is safe to auto-handle,rules_plus_AI_review,False,"Sorry you’re experiencing this after an update. Please restart your iPhone, check Settings > General > Software Update for any follow-up update, and make sure you have enough free storage. If it continues, contact Apple Support with your iPhone model and iOS version so we can help investigate."
939162,Is this from you or a scam please @AppleSupport email is __email__ can send photo privately as got my email address on it. Thanks,Sat Nov 25 10:26:37 +0000 2017,4,2017-11-25 10:26:37+00:00,2017-11,account_access_security,False,False,True,True,security-sensitive; identity or legitimacy verification may be required,rules_plus_AI_review,False,"We can help you regain secure access. For your protection, never share passwords or verification codes. Start account recovery at iforgot.apple.com, or contact Apple Support if you no longer have access to your trusted phone number or device."
761283,@AppleSupport I would like to know why my phone goes from 100-5% in 5 hours if I’m mainly in class and not using it.,Wed Oct 11 20:13:41 +0000 2017,2,2017-10-11 20:13:41+00:00,2017-10,software_update_performance,False,False,True,False,routine software troubleshooting is safe to auto-handle,rules_plus_AI_review,False,"Sorry you’re experiencing this after an update. Please restart your iPhone, check Settings > General > Software Update for any follow-up update, and make sure you have enough free storage. If it continues, contact Apple Support with your iPhone model and iOS version so we can help investigate."
295385,@AppleSupport I received a questionable email yesterday. Can I email it to you for you to check if it's legit?,Fri Oct 06 15:44:09 +0000 2017,2,2017-10-06 15:44:09+00:00,2017-10,account_access_security,False,False,True,True,security-sensitive; identity or legitimacy verification may be required,rules_plus_AI_review,False,"We can help you regain secure access. For your protection, never share passwords or verification codes. Start account recovery at iforgot.apple.com, or contact Apple Support if you no longer have access to your trusted phone number or device."
285748,@184078 @AppleSupport depuis mise à jour iOS 11 sur iPhone 7 la messagerie vocale visuelle n’est plus disponible ? SFR  l’aurait supprimée,Fri Oct 06 08:23:03 +0000 2017,2,2017-10-06 08:23:03+00:00,2017-10,out_of_scope,False,True,True,True,"non-English input, out of scope for v1 auto-handling",rules_plus_AI_review,False,"Thanks for contacting Apple Support. To make sure we help accurately, please contact Apple Support in your preferred language through the Apple Support app or getsupport.apple.com."
955014,"I literally put my coat on and the screen has fell out, very disappointed only had it two weeks @115858  @AppleSupport https://t.co/fNYZQq5sJZ",Sat Oct 21 19:49:22 +0000 2017,2,2017-10-21 19:49:22+00:00,2017-10,hardware_physical,False,False,True,True,physical-device or potential safety issue requires human assessment,rules_plus_AI_review,False,"Sorry your device is having a hardware-related issue. Avoid further use if it is hot, swollen, damaged, or has a damaged battery. You can arrange an inspection through the Apple Support app or at getsupport.apple.com."
887151,@115858 fix your damn mail app,Fri Oct 20 21:45:56 +0000 2017,2,2017-10-20 21:45:56+00:00,2017-10,software_update_performance,False,False,True,False,routine software troubleshooting is safe to auto-handle,rules_plus_AI_review,False,"Sorry you’re experiencing this after an update. Please restart your iPhone, check Settings > General > Software Update for any follow-up update, and make sure you have enough free storage. If it continues, contact Apple Support with your iPhone model and iOS version so we can help investigate."
172975,Geleceğe merhaba deyin. iPhone X satın alın.,Tue Nov 21 15:06:27 +0000 2017,4,2017-11-21 15:06:27+00:00,2017-11,out_of_scope,False,True,True,True,"non-English input, out of scope for v1 auto-handling",rules_plus_AI_review,False,"Thanks for contacting Apple Support. To make sure we help accurately, please contact Apple Support in your preferred language through the Apple Support app or getsupport.apple.com."
484449,This update ruined my life fyi @115858 https://t.co/FfJl7BGx8O,Fri Dec 01 10:47:43 +0000 2017,2,2017-12-01 10:47:43+00:00,2017-12,other_unclear,False,False,True,False,insufficient detail; ask one clarifying question before routing,rules_plus_AI_review,False,"Sorry you’re running into this. Could you share your device model, software version, and what happens when you try? With those details, Apple Support can point you to the right next step."
892807,Yo @AppleSupport why is my phone battery garbage since the new update?,Fri Oct 13 17:51:10 +0000 2017,10,2017-10-13 17:51:10+00:00,2017-10,software_update_performance,False,False,True,False,routine software troubleshooting is safe to auto-handle,rules_plus_AI_review,False,"Sorry you’re experiencing this after an update. Please restart your iPhone, check Settings > General > Software Update for any follow-up update, and make sure you have enough free storage. If it continues, contact Apple Support with your iPhone model and iOS version so we can help investigate."
568847,How buggy is iOS 11 on iPhoneX? Mails are literally unreadable with such huge fonts. @115858 https://t.co/JfyrcoodDT,Sat Dec 02 14:13:33 +0000 2017,8,2017-12-02 14:13:33+00:00,2017-12,software_update_performance,False,False,True,False,routine software troubleshooting is safe to auto-handle,rules_plus_AI_review,False,"Sorry you’re experiencing this after an update. Please restart your iPhone, check Settings > General > Software Update for any follow-up update, and make sure you have enough free storage. If it continues, contact Apple Support with your iPhone model and iOS version so we can help investigate."
543721,@115858 IOS frequent updates fail,Sat Dec 02 08:26:14 +0000 2017,2,2017-12-02 08:26:14+00:00,2017-12,software_update_performance,False,False,True,False,routine software troubleshooting is safe to auto-handle,rules_plus_AI_review,False,"Sorry you’re experiencing this after an update. Please restart your iPhone, check Settings > General > Software Update for any follow-up update, and make sure you have enough free storage. If it continues, contact Apple Support with your iPhone model and iOS version so we can help investigate."
52319,@AppleSupport every time “eye” type “eye” it’s turns to I️... HELP!,Wed Nov 01 17:53:05 +0000 2017,5,2017-11-01 17:53:05+00:00,2017-11,software_update_performance,False,False,True,False,routine software troubleshooting is safe to auto-handle,rules_plus_AI_review,False,"Sorry you’re experiencing this after an update. Please restart your iPhone, check Settings > General > Software Update for any follow-up update, and make sure you have enough free storage. If it continues, contact Apple Support with your iPhone model and iOS version so we can help investigate."
854986,Yoooo @115858 @AppleSupport when are y’all gonna fix this doggone “I” issue? Shit. 🤬,Mon Nov 06 01:12:16 +0000 2017,4,2017-11-06 01:12:16+00:00,2017-11,software_update_performance,False,False,True,False,routine software troubleshooting is safe to auto-handle,rules_plus_AI_review,False,"Sorry you’re experiencing this after an update. Please restart your iPhone, check Settings > General > Software Update for any follow-up update, and make sure you have enough free storage. If it continues, contact Apple Support with your iPhone model and iOS version so we can help investigate."
556251,"My iPhoneX won't let any application open for more than 20 seconds. the screen keeps lighting on and off and heat up on the bottom of the camera. Any ideas why is this happening?
I can't even contact apple since my iPhoneX won't let me.
@115858 @156470 @140312 @AppleSupport",Sat Dec 02 19:07:32 +0000 2017,4,2017-12-02 19:07:32+00:00,2017-12,hardware_physical,True,False,True,True,physical-device or potential safety issue requires human assessment,rules_plus_AI_review,False,"Sorry your device is having a hardware-related issue. Avoid further use if it is hot, swollen, damaged, or has a damaged battery. You can arrange an inspection through the Apple Support app or at getsupport.apple.com."
822705,@AppleSupport my apple music playlist keep saying this -an operation error occured (-12894) please help,Fri Sep 29 23:01:42 +0000 2017,6,2017-09-29 23:01:42+00:00,2017-09,software_update_performance,False,False,True,False,routine software troubleshooting is safe to auto-handle,rules_plus_AI_review,False,"Sorry you’re experiencing this after an update. Please restart your iPhone, check Settings > General > Software Update for any follow-up update, and make sure you have enough free storage. If it continues, contact Apple Support with your iPhone model and iOS version so we can help investigate."
543792,@AppleSupport my iPhone keeps restarting - is there a known fix please?? Driving me crazy!!,Sat Dec 02 08:11:10 +0000 2017,2,2017-12-02 08:11:10+00:00,2017-12,software_update_performance,False,False,True,False,routine software troubleshooting is safe to auto-handle,rules_plus_AI_review,False,"Sorry you’re experiencing this after an update. Please restart your iPhone, check Settings > General > Software Update for any follow-up update, and make sure you have enough free storage. If it continues, contact Apple Support with your iPhone model and iOS version so we can help investigate."
588188,"Hey, @115858! How about releasing an update that DOESN’T kill your battery. My 6 has a ton of great features, and they’re all turned off to save battery life. I lost a percent every 15 seconds this morning CHECKING MY EMAIL! @AppleSupport",Sun Dec 03 13:05:27 +0000 2017,2,2017-12-03 13:05:27+00:00,2017-12,software_update_performance,False,False,True,False,routine software troubleshooting is safe to auto-handle,rules_plus_AI_review,False,"Sorry you’re experiencing this after an update. Please restart your iPhone, check Settings > General > Software Update for any follow-up update, and make sure you have enough free storage. If it continues, contact Apple Support with your iPhone model and iOS version so we can help investigate."
407504,@AppleSupport Hi. I just sent you a message. Thanks!,Mon Oct 09 21:25:07 +0000 2017,2,2017-10-09 21:25:07+00:00,2017-10,other_unclear,False,False,True,False,insufficient detail; ask one clarifying question before routing,rules_plus_AI_review,False,"Sorry you’re running into this. Could you share your device model, software version, and what happens when you try? With those details, Apple Support can point you to the right next step."
23178,@AppleSupport upgraded to 11.1.2 and iTunes Player won’t work on iPhone 7. ANNOYING,Wed Nov 22 11:06:21 +0000 2017,4,2017-11-22 11:06:21+00:00,2017-11,software_update_performance,False,False,True,False,routine software troubleshooting is safe to auto-handle,rules_plus_AI_review,False,"Sorry you’re experiencing this after an update. Please restart your iPhone, check Settings > General > Software Update for any follow-up update, and make sure you have enough free storage. If it continues, contact Apple Support with your iPhone model and iOS version so we can help investigate."
648559,I️ have a 4.82 uber rating so basically I’m a 96/100 person. Basically an A+ type of person for the first 15 minutes you know me,Wed Nov 22 18:57:22 +0000 2017,4,2017-11-22 18:57:22+00:00,2017-11,out_of_scope,False,False,False,False,excluded: not a support request,rules_plus_AI_review,False,"Thanks for reaching out. This request is outside the support help we can provide here. For Apple product assistance, please describe the Apple device and issue you need help with."
630145,Aye @115858 this new update keeps crashing my phone 😡,Wed Oct 04 20:11:04 +0000 2017,2,2017-10-04 20:11:04+00:00,2017-10,software_update_performance,False,False,True,False,routine software troubleshooting is safe to auto-handle,rules_plus_AI_review,False,"Sorry you’re experiencing this after an update. Please restart your iPhone, check Settings > General > Software Update for any follow-up update, and make sure you have enough free storage. If it continues, contact Apple Support with your iPhone model and iOS version so we can help investigate."
399959,My iPhone keeps freezing. Volume button doesn’t work for some reason. Please fix it asap. @AppleSupport #ios1102,Mon Oct 09 17:47:26 +0000 2017,2,2017-10-09 17:47:26+00:00,2017-10,software_update_performance,True,False,True,True,compound case; human review reduces the risk of an incomplete response,rules_plus_AI_review,False,"Sorry you’re experiencing this after an update. Please restart your iPhone, check Settings > General > Software Update for any follow-up update, and make sure you have enough free storage. If it continues, contact Apple Support with your iPhone model and iOS version so we can help investigate."
236395,"@AppleSupport do you test the software before you lump it into folks? battery useless, can’t send emails and some apps don’t work.  ios11",Thu Oct 05 09:18:19 +0000 2017,2,2017-10-05 09:18:19+00:00,2017-10,software_update_performance,True,False,True,True,compound case; human review reduces the risk of an incomplete response,rules_plus_AI_review,False,"Sorry you’re experiencing this after an update. Please restart your iPhone, check Settings > General > Software Update for any follow-up update, and make sure you have enough free storage. If it continues, contact Apple Support with your iPhone model and iOS version so we can help investigate."
296447,Showstopper defect in Iphone 6s. Phone hangs when we have more than 5 alarms scheduled @AppleSupport @115858,Mon Sep 04 09:55:19 +0000 2017,7,2017-09-04 09:55:19+00:00,2017-09,software_update_performance,False,False,True,False,routine software troubleshooting is safe to auto-handle,rules_plus_AI_review,False,"Sorry you’re experiencing this after an update. Please restart your iPhone, check Settings > General > Software Update for any follow-up update, and make sure you have enough free storage. If it continues, contact Apple Support with your iPhone model and iOS version so we can help investigate."
686906,@AppleSupport why tf does my phone restart 6 times a day and freezes every hour?!?!? Never again buying ya shit phones,Thu Nov 23 04:42:25 +0000 2017,2,2017-11-23 04:42:25+00:00,2017-11,software_update_performance,False,False,True,False,routine software troubleshooting is safe to auto-handle,rules_plus_AI_review,False,"Sorry you’re experiencing this after an update. Please restart your iPhone, check Settings > General > Software Update for any follow-up update, and make sure you have enough free storage. If it continues, contact Apple Support with your iPhone model and iOS version so we can help investigate."
290528,@115858 @AppleSupport updated iPhone to new iOS. Now location sharing doesn’t work even with location services clearly on. #bugaboo,Fri Oct 06 13:33:10 +0000 2017,4,2017-10-06 13:33:10+00:00,2017-10,software_update_performance,False,False,True,False,routine software troubleshooting is safe to auto-handle,rules_plus_AI_review,False,"Sorry you’re experiencing this after an update. Please restart your iPhone, check Settings > General > Software Update for any follow-up update, and make sure you have enough free storage. If it continues, contact Apple Support with your iPhone model and iOS version so we can help investigate."
384028,"@AppleSupport im so annoyed right now, got my iphone 2 months ago and updated ios11 and my phone is glitching so much 😤😤😤😤😡",Fri Oct 06 12:46:44 +0000 2017,3,2017-10-06 12:46:44+00:00,2017-10,software_update_performance,False,False,True,False,routine software troubleshooting is safe to auto-handle,rules_plus_AI_review,False,"Sorry you’re experiencing this after an update. Please restart your iPhone, check Settings > General > Software Update for any follow-up update, and make sure you have enough free storage. If it continues, contact Apple Support with your iPhone model and iOS version so we can help investigate."
335275,stuck in an endless loop of 2-factor auth on apple tv 2nd gen. #epicfail  cc: @115858 https://t.co/ExtDqzb1dT,Sat Oct 07 19:07:31 +0000 2017,2,2017-10-07 19:07:31+00:00,2017-10,account_access_security,False,False,True,True,security-sensitive; identity or legitimacy verification may be required,rules_plus_AI_review,False,"We can help you regain secure access. For your protection, never share passwords or verification codes. Start account recovery at iforgot.apple.com, or contact Apple Support if you no longer have access to your trusted phone number or device."
62275,Downloaded the @115858 iPhone update.  Thought maybe it would correct my phone crashing problem.  Nope. @AppleSupport iPhone still crashing,Wed Nov 01 20:05:41 +0000 2017,2,2017-11-01 20:05:41+00:00,2017-11,software_update_performance,False,False,True,False,routine software troubleshooting is safe to auto-handle,rules_plus_AI_review,False,"Sorry you’re experiencing this after an update. Please restart your iPhone, check Settings > General > Software Update for any follow-up update, and make sure you have enough free storage. If it continues, contact Apple Support with your iPhone model and iOS version so we can help investigate."
53582,@AppleSupport Hi. I cannot reset the security questions after I logged in my account. What to do? :/,Wed Nov 01 18:30:30 +0000 2017,5,2017-11-01 18:30:30+00:00,2017-11,account_access_security,False,False,True,True,security-sensitive; identity or legitimacy verification may be required,rules_plus_AI_review,False,"We can help you regain secure access. For your protection, never share passwords or verification codes. Start account recovery at iforgot.apple.com, or contact Apple Support if you no longer have access to your trusted phone number or device."
304321,@AppleSupport @115858 OMG!!! I have an iphone 6s+ and it’s so freaking slow and unresponsive with IOS11! WORST.UPDATE.EVER!!!!!!!,Sat Sep 30 06:54:05 +0000 2017,4,2017-09-30 06:54:05+00:00,2017-09,software_update_performance,False,False,True,False,routine software troubleshooting is safe to auto-handle,rules_plus_AI_review,False,"Sorry you’re experiencing this after an update. Please restart your iPhone, check Settings > General > Software Update for any follow-up update, and make sure you have enough free storage. If it continues, contact Apple Support with your iPhone model and iOS version so we can help investigate."
284453,@AppleSupport @115858 downloaded  macos high seira update 2day bt after update  MacBook pro is nt opening.Showing this prob #macOSHighSierra https://t.co/owIRCLx4CE,Fri Oct 06 05:52:40 +0000 2017,5,2017-10-06 05:52:40+00:00,2017-10,software_update_performance,False,False,True,False,routine software troubleshooting is safe to auto-handle,rules_plus_AI_review,False,"Sorry you’re experiencing this after an update. Please restart your iPhone, check Settings > General > Software Update for any follow-up update, and make sure you have enough free storage. If it continues, contact Apple Support with your iPhone model and iOS version so we can help investigate."
1021111,@AppleSupport does iOS 11 have  auto fill credit card info when making a purchase?,Sat Oct 14 15:45:46 +0000 2017,2,2017-10-14 15:45:46+00:00,2017-10,feature_how_to,False,False,True,False,informational or setup question is safe to auto-handle,rules_plus_AI_review,False,"We’re happy to help. You can find step-by-step guidance in the Apple Support app or at support.apple.com. Please tell us which Apple device and software version you’re using, and what you’d like to do."
148252,"@AppleSupport Why so many bugs on IOS 11 for iPad and iPhone 6. Slow, slow. All is slow. Appstore updates slow and freeze. The IOS 11 is just catastrophic for old devices. The same problems with iPod last version. On iPhone 6, 6 times on 10  Touch-ID don’t works ! I’m hangry",Fri Nov 24 10:01:05 +0000 2017,2,2017-11-24 10:01:05+00:00,2017-11,software_update_performance,True,False,True,True,compound case; human review reduces the risk of an incomplete response,rules_plus_AI_review,False,"Sorry you’re experiencing this after an update. Please restart your iPhone, check Settings > General > Software Update for any follow-up update, and make sure you have enough free storage. If it continues, contact Apple Support with your iPhone model and iOS version so we can help investigate."
354068,"Wow @AppleSupport iOS 11, what a mess! After 0.2, My 7P still hangs, heats up, battery life is awful, photos are still wacky.",Sun Oct 08 02:56:43 +0000 2017,5,2017-10-08 02:56:43+00:00,2017-10,software_update_performance,True,False,True,True,compound case; human review reduces the risk of an incomplete response,rules_plus_AI_review,False,"Sorry you’re experiencing this after an update. Please restart your iPhone, check Settings > General > Software Update for any follow-up update, and make sure you have enough free storage. If it continues, contact Apple Support with your iPhone model and iOS version so we can help investigate."
1024325,Flight + AirPods + Breaker = pure enjoyment 🍉,Wed Sep 20 23:23:25 +0000 2017,12,2017-09-20 23:23:25+00:00,2017-09,out_of_scope,False,False,False,False,excluded: not a support request,rules_plus_AI_review,False,"Thanks for reaching out. This request is outside the support help we can provide here. For Apple product assistance, please describe the Apple device and issue you need help with."
39633,@AppleSupport why is this my screen when I try to make a call. why this happen after the 10th update I’m confused. 💁🏾 https://t.co/jkA8umq3xi,Wed Nov 01 14:15:19 +0000 2017,2,2017-11-01 14:15:19+00:00,2017-11,software_update_performance,False,False,True,False,routine software troubleshooting is safe to auto-handle,rules_plus_AI_review,False,"Sorry you’re experiencing this after an update. Please restart your iPhone, check Settings > General > Software Update for any follow-up update, and make sure you have enough free storage. If it continues, contact Apple Support with your iPhone model and iOS version so we can help investigate."
898669,Listen here @115858 me needs you to fix this this i situation ASAP or me will have a serious mental breakdown,Tue Nov 07 23:52:34 +0000 2017,2,2017-11-07 23:52:34+00:00,2017-11,software_update_performance,False,False,True,True,emotional-crisis language requires human review,rules_plus_AI_review,False,"Sorry you’re experiencing this after an update. Please restart your iPhone, check Settings > General > Software Update for any follow-up update, and make sure you have enough free storage. If it continues, contact Apple Support with your iPhone model and iOS version so we can help investigate."
327103,Why My Phone Trippin Y’all??? 🤔@115858 @ATT,Sat Oct 07 14:29:47 +0000 2017,2,2017-10-07 14:29:47+00:00,2017-10,other_unclear,False,False,True,False,insufficient detail; ask one clarifying question before routing,rules_plus_AI_review,False,"Sorry you’re running into this. Could you share your device model, software version, and what happens when you try? With those details, Apple Support can point you to the right next step."
602400,First this “ I️ “ shit now “ I.T “ wtf @AppleSupport,Sun Dec 03 21:42:19 +0000 2017,2,2017-12-03 21:42:19+00:00,2017-12,software_update_performance,False,False,True,False,routine software troubleshooting is safe to auto-handle,rules_plus_AI_review,False,"Sorry you’re experiencing this after an update. Please restart your iPhone, check Settings > General > Software Update for any follow-up update, and make sure you have enough free storage. If it continues, contact Apple Support with your iPhone model and iOS version so we can help investigate."
184505,@AppleSupport if iOS11 is your #strangerthings attempt yal just need to quit it. https://t.co/4rqQH8v0L6,Sat Nov 11 06:52:32 +0000 2017,2,2017-11-11 06:52:32+00:00,2017-11,other_unclear,False,False,True,False,insufficient detail; ask one clarifying question before routing,rules_plus_AI_review,False,"Sorry you’re running into this. Could you share your device model, software version, and what happens when you try? With those details, Apple Support can point you to the right next step."
761281,iPhone 8 batteries swelling and breaking out the phone? Fix it @115858,Wed Oct 11 20:16:53 +0000 2017,2,2017-10-11 20:16:53+00:00,2017-10,hardware_physical,False,False,True,True,physical-device or potential safety issue requires human assessment,rules_plus_AI_review,False,"Sorry your device is having a hardware-related issue. Avoid further use if it is hot, swollen, damaged, or has a damaged battery. You can arrange an inspection through the Apple Support app or at getsupport.apple.com."
610285,"@AppleSupport, iOS 11 has caused my 2016 iPad Pro terrible trouble. I can’t connect to home wifi AND it is slow to download and install apps",Wed Oct 04 05:44:19 +0000 2017,2,2017-10-04 05:44:19+00:00,2017-10,software_update_performance,True,False,True,True,compound case; human review reduces the risk of an incomplete response,rules_plus_AI_review,False,"Sorry you’re experiencing this after an update. Please restart your iPhone, check Settings > General > Software Update for any follow-up update, and make sure you have enough free storage. If it continues, contact Apple Support with your iPhone model and iOS version so we can help investigate."
693680,What’s up with #ios11 the battery drain is absolutely mental! #Apple @AppleSupport,Thu Oct 05 21:01:21 +0000 2017,2,2017-10-05 21:01:21+00:00,2017-10,software_update_performance,False,False,True,False,routine software troubleshooting is safe to auto-handle,rules_plus_AI_review,False,"Sorry you’re experiencing this after an update. Please restart your iPhone, check Settings > General > Software Update for any follow-up update, and make sure you have enough free storage. If it continues, contact Apple Support with your iPhone model and iOS version so we can help investigate."
570882,@AppleSupport what exactly does the Apple Pencil do? Does it only work on iPad Pro? Does it do everything @115890 ‘s Surface pen do?,Sun Dec 03 04:05:48 +0000 2017,2,2017-12-03 04:05:48+00:00,2017-12,feature_how_to,False,False,True,False,informational or setup question is safe to auto-handle,rules_plus_AI_review,False,"We’re happy to help. You can find step-by-step guidance in the Apple Support app or at support.apple.com. Please tell us which Apple device and software version you’re using, and what you’d like to do."
771737,Just downloaded iOS 11.0.3 and I've had to soft reset twice in 5 minutes. Phone keeps freezing in Whatsapp. @AppleSupport,Thu Oct 12 00:19:54 +0000 2017,2,2017-10-12 00:19:54+00:00,2017-10,software_update_performance,False,False,True,False,routine software troubleshooting is safe to auto-handle,rules_plus_AI_review,False,"Sorry you’re experiencing this after an update. Please restart your iPhone, check Settings > General > Software Update for any follow-up update, and make sure you have enough free storage. If it continues, contact Apple Support with your iPhone model and iOS version so we can help investigate."
623694,So the @129913 app on my Series 2 Apple Watch has been unusable lately. Can’t track location. This happens every other run pretty much for the last month. Actual run on top. Tracked on bottom. @AppleSupport https://t.co/ilqBkCzf9i,Wed Nov 22 14:44:42 +0000 2017,7,2017-11-22 14:44:42+00:00,2017-11,software_update_performance,False,False,True,False,routine software troubleshooting is safe to auto-handle,rules_plus_AI_review,False,"Sorry you’re experiencing this after an update. Please restart your iPhone, check Settings > General > Software Update for any follow-up update, and make sure you have enough free storage. If it continues, contact Apple Support with your iPhone model and iOS version so we can help investigate."
430133,Hey @115858 what did iOS11 do to my phone that I don’t get WiFi in my room anymore? #thissucks,Tue Oct 10 11:17:39 +0000 2017,6,2017-10-10 11:17:39+00:00,2017-10,connectivity,False,False,True,False,routine connectivity troubleshooting is safe to auto-handle,rules_plus_AI_review,False,"Sorry you’re having trouble connecting. Try turning Wi-Fi or Bluetooth off and back on, restarting the device, and installing the latest software update. If it persists, tell us your device model, software version, and the network/accessory involved."
981229,@AppleSupport iPhone 6 does not automatically change over to 4/3G when I leave WiFi zone. I've to set airplane mode on / off before it works,Sun Oct 22 07:40:31 +0000 2017,2,2017-10-22 07:40:31+00:00,2017-10,connectivity,False,False,True,False,routine connectivity troubleshooting is safe to auto-handle,rules_plus_AI_review,False,"Sorry you’re having trouble connecting. Try turning Wi-Fi or Bluetooth off and back on, restarting the device, and installing the latest software update. If it persists, tell us your device model, software version, and the network/accessory involved."
550825,"@AppleSupport can someone tell me why 8,000++ photos are suddenly deleted from my iPhone 6s Plus?",Sat Dec 02 13:19:18 +0000 2017,2,2017-12-02 13:19:18+00:00,2017-12,data_backup_loss,False,False,True,True,significant or potentially irreversible data loss requires human review,rules_plus_AI_review,False,We’re sorry about the missing data. Please do not overwrite or erase the device yet. Check Settings > [your name] > iCloud > iCloud Backup and any recent computer backup. Apple Support can help review available recovery options.
228507,@AppleSupport I still see them boxes after the update. What’s going on fam,Wed Nov 15 04:36:38 +0000 2017,4,2017-11-15 04:36:38+00:00,2017-11,software_update_performance,False,False,True,False,routine software troubleshooting is safe to auto-handle,rules_plus_AI_review,False,"Sorry you’re experiencing this after an update. Please restart your iPhone, check Settings > General > Software Update for any follow-up update, and make sure you have enough free storage. If it continues, contact Apple Support with your iPhone model and iOS version so we can help investigate."
51665,"Mais um celular com a bateria fodida
@AppleSupport ajuda nois",Wed Nov 01 17:43:47 +0000 2017,2,2017-11-01 17:43:47+00:00,2017-11,out_of_scope,False,True,True,True,"non-English input, out of scope for v1 auto-handling",rules_plus_AI_review,False,"Thanks for contacting Apple Support. To make sure we help accurately, please contact Apple Support in your preferred language through the Apple Support app or getsupport.apple.com."
437006,I don’t understand why it’s constantly spinning next to my WiFi on the top left of my phone and all my apps are closed @AppleSupport,Tue Oct 10 16:11:05 +0000 2017,2,2017-10-10 16:11:05+00:00,2017-10,software_update_performance,False,False,True,False,routine software troubleshooting is safe to auto-handle,rules_plus_AI_review,False,"Sorry you’re experiencing this after an update. Please restart your iPhone, check Settings > General > Software Update for any follow-up update, and make sure you have enough free storage. If it continues, contact Apple Support with your iPhone model and iOS version so we can help investigate."
658013,@AppleSupport trying to install apps from the App Store and the just keep buffering and nothing happens,Wed Nov 22 23:15:01 +0000 2017,4,2017-11-22 23:15:01+00:00,2017-11,software_update_performance,False,False,True,False,routine software troubleshooting is safe to auto-handle,rules_plus_AI_review,False,"Sorry you’re experiencing this after an update. Please restart your iPhone, check Settings > General > Software Update for any follow-up update, and make sure you have enough free storage. If it continues, contact Apple Support with your iPhone model and iOS version so we can help investigate."
885699,@AppleSupport This iOS 11 sucks and I don’t know why it continues to go slow and it freezes all the time it waste way too much of my time https://t.co/BZWSwkWLqg,Fri Oct 13 16:54:19 +0000 2017,2,2017-10-13 16:54:19+00:00,2017-10,software_update_performance,False,False,True,False,routine software troubleshooting is safe to auto-handle,rules_plus_AI_review,False,"Sorry you’re experiencing this after an update. Please restart your iPhone, check Settings > General > Software Update for any follow-up update, and make sure you have enough free storage. If it continues, contact Apple Support with your iPhone model and iOS version so we can help investigate."
560399,I fucking hate @115858 so much. My phone keeps restarting at random times because i dont want to install the new ios,Sat Dec 02 22:33:10 +0000 2017,4,2017-12-02 22:33:10+00:00,2017-12,software_update_performance,False,False,True,False,routine software troubleshooting is safe to auto-handle,rules_plus_AI_review,False,"Sorry you’re experiencing this after an update. Please restart your iPhone, check Settings > General > Software Update for any follow-up update, and make sure you have enough free storage. If it continues, contact Apple Support with your iPhone model and iOS version so we can help investigate."
590863,"@115858 Hmmm My watch says goodmorning, but it should say: good afternoon #confused #update https://t.co/SspiWqHE74",Sun Dec 03 16:13:21 +0000 2017,2,2017-12-03 16:13:21+00:00,2017-12,software_update_performance,False,False,True,False,routine software troubleshooting is safe to auto-handle,rules_plus_AI_review,False,"Sorry you’re experiencing this after an update. Please restart your iPhone, check Settings > General > Software Update for any follow-up update, and make sure you have enough free storage. If it continues, contact Apple Support with your iPhone model and iOS version so we can help investigate."
554788,"@AppleSupport we have an iPhone  6s and iPhone 7 that are turning off as though no battery then turning back on after a few minutes, help?",Sat Dec 02 18:17:12 +0000 2017,2,2017-12-02 18:17:12+00:00,2017-12,hardware_physical,False,False,True,True,physical-device or potential safety issue requires human assessment,rules_plus_AI_review,False,"Sorry your device is having a hardware-related issue. Avoid further use if it is hot, swollen, damaged, or has a damaged battery. You can arrange an inspection through the Apple Support app or at getsupport.apple.com."
411458,It really would be nice if my iPhone wasn't glitchy after downloading the new iOS. Thanks @115858 @AppleSupport,Tue Oct 10 00:15:48 +0000 2017,4,2017-10-10 00:15:48+00:00,2017-10,software_update_performance,False,False,True,False,routine software troubleshooting is safe to auto-handle,rules_plus_AI_review,False,"Sorry you’re experiencing this after an update. Please restart your iPhone, check Settings > General > Software Update for any follow-up update, and make sure you have enough free storage. If it continues, contact Apple Support with your iPhone model and iOS version so we can help investigate."
34670,@AppleSupport my iphones battery drains quickly. any tips. it might just be old though,Wed Nov 01 08:07:29 +0000 2017,2,2017-11-01 08:07:29+00:00,2017-11,hardware_physical,False,False,True,True,physical-device or potential safety issue requires human assessment,rules_plus_AI_review,False,"Sorry your device is having a hardware-related issue. Avoid further use if it is hot, swollen, damaged, or has a damaged battery. You can arrange an inspection through the Apple Support app or at getsupport.apple.com."
97077,"@AppleSupport before the latest iOS update my 16 GB ipad could correctly optimise the iCloud Photo Library storage. But now storage usage of Photos on the iPad is ballooning, making the iPad unusable. Is there any way to flush the locally stores pictures?",Thu Nov 30 15:27:32 +0000 2017,4,2017-11-30 15:27:32+00:00,2017-11,data_backup_loss,False,False,True,False,data-loss or recovery triage; escalate if standard recovery steps fail,rules_plus_AI_review,False,We’re sorry about the missing data. Please do not overwrite or erase the device yet. Check Settings > [your name] > iCloud > iCloud Backup and any recent computer backup. Apple Support can help review available recovery options.
959712,@AppleSupport @115858 mi lap se bloqueó porque alguien intentó entrar a mi cuenta. Tengo que pagar $3mil pesos y llevar el ticket de compra de hace 6 años... es en serio?! Pago porque alguien quiso hackearme y tengo que guardar un ticket por años?!,Sat Oct 21 23:55:03 +0000 2017,2,2017-10-21 23:55:03+00:00,2017-10,out_of_scope,False,True,True,True,"non-English input, out of scope for v1 auto-handling",rules_plus_AI_review,False,"Thanks for contacting Apple Support. To make sure we help accurately, please contact Apple Support in your preferred language through the Apple Support app or getsupport.apple.com."
306212,updated to ios11 and my music app doesn’t work. sick of your products falling apart when the news and new updates come out @AppleSupport,Fri Oct 06 20:28:49 +0000 2017,2,2017-10-06 20:28:49+00:00,2017-10,software_update_performance,False,False,True,False,routine software troubleshooting is safe to auto-handle,rules_plus_AI_review,False,"Sorry you’re experiencing this after an update. Please restart your iPhone, check Settings > General > Software Update for any follow-up update, and make sure you have enough free storage. If it continues, contact Apple Support with your iPhone model and iOS version so we can help investigate."
559220,"Elimde ki iPhone 7 📱 ne hale geldi.. 
Aşırı ısınma, kendi kendine kapanma.
Ne yaptın be @115858 @AppleSupport Hiç yakışmadı.",Sat Dec 02 21:17:37 +0000 2017,2,2017-12-02 21:17:37+00:00,2017-12,out_of_scope,False,True,True,True,"non-English input, out of scope for v1 auto-handling",rules_plus_AI_review,False,"Thanks for contacting Apple Support. To make sure we help accurately, please contact Apple Support in your preferred language through the Apple Support app or getsupport.apple.com."
1002005,"@115858 @AppleSupport Sigo sin ver los beneficios del nuevo IOS... batería se descarga el doble, apps se cuelgan y wifi no funciona bien",Sun Oct 22 16:40:05 +0000 2017,2,2017-10-22 16:40:05+00:00,2017-10,out_of_scope,False,True,True,True,"non-English input, out of scope for v1 auto-handling",rules_plus_AI_review,False,"Thanks for contacting Apple Support. To make sure we help accurately, please contact Apple Support in your preferred language through the Apple Support app or getsupport.apple.com."
244729,"@AppleSupport 
 how long is it safe to charge a mac,iphone,ipad,or ipod  for without lowering  the performance of the device or damaging it?",Tue Sep 12 02:00:33 +0000 2017,6,2017-09-12 02:00:33+00:00,2017-09,feature_how_to,False,False,True,False,informational or setup question is safe to auto-handle,rules_plus_AI_review,False,"We’re happy to help. You can find step-by-step guidance in the Apple Support app or at support.apple.com. Please tell us which Apple device and software version you’re using, and what you’d like to do."
552147,@115858 Once again another iOS update has left customers with black screens with spinning circles on them every 2 minutes. I can't even send a text without my phone blacking out! 11.2 update not even available yet. Brilliant.,Sat Dec 02 14:56:06 +0000 2017,4,2017-12-02 14:56:06+00:00,2017-12,software_update_performance,False,False,True,False,routine software troubleshooting is safe to auto-handle,rules_plus_AI_review,False,"Sorry you’re experiencing this after an update. Please restart your iPhone, check Settings > General > Software Update for any follow-up update, and make sure you have enough free storage. If it continues, contact Apple Support with your iPhone model and iOS version so we can help investigate."
509606,@AppleSupport How do I re-download OS X El Capitan from the store so I can make bootable media to wipe my Mac Pro? You removed it from store,Fri Dec 01 21:32:12 +0000 2017,2,2017-12-01 21:32:12+00:00,2017-12,feature_how_to,False,False,True,False,informational or setup question is safe to auto-handle,rules_plus_AI_review,False,"We’re happy to help. You can find step-by-step guidance in the Apple Support app or at support.apple.com. Please tell us which Apple device and software version you’re using, and what you’d like to do."
727906,Oi @AppleSupport I asked #siri to put an appointment in my calendar for next Tuesday. She booked it for a week on Tuesday. Surely that's wrong? Lucky I caught it. #StupidSiri,Fri Oct 06 15:39:44 +0000 2017,2,2017-10-06 15:39:44+00:00,2017-10,software_update_performance,False,False,True,False,routine software troubleshooting is safe to auto-handle,rules_plus_AI_review,False,"Sorry you’re experiencing this after an update. Please restart your iPhone, check Settings > General > Software Update for any follow-up update, and make sure you have enough free storage. If it continues, contact Apple Support with your iPhone model and iOS version so we can help investigate."
590892,@AppleSupport Good morning! How should one hook up an HDMI monitor to a 2017 iMac? Cheers!,Sun Dec 03 15:42:47 +0000 2017,5,2017-12-03 15:42:47+00:00,2017-12,feature_how_to,False,False,True,False,informational or setup question is safe to auto-handle,rules_plus_AI_review,False,"We’re happy to help. You can find step-by-step guidance in the Apple Support app or at support.apple.com. Please tell us which Apple device and software version you’re using, and what you’d like to do."
149974,@AppleSupport I can’t set up my new iPhone 8 because it won’t verify iOS 11.1.2. What should I do?,Fri Nov 24 13:11:01 +0000 2017,2,2017-11-24 13:11:01+00:00,2017-11,software_update_performance,False,False,True,False,routine software troubleshooting is safe to auto-handle,rules_plus_AI_review,False,"Sorry you’re experiencing this after an update. Please restart your iPhone, check Settings > General > Software Update for any follow-up update, and make sure you have enough free storage. If it continues, contact Apple Support with your iPhone model and iOS version so we can help investigate."
553609,"Hey @AppleSupport ever since I updated to iOS 11, my iPhone 6S keeps just kinda shutting down randomly and turning back on immediately. It’s rather annoying. Can you make it stop doing that please",Sat Sep 30 21:06:19 +0000 2017,3,2017-09-30 21:06:19+00:00,2017-09,software_update_performance,False,False,True,False,routine software troubleshooting is safe to auto-handle,rules_plus_AI_review,False,"Sorry you’re experiencing this after an update. Please restart your iPhone, check Settings > General > Software Update for any follow-up update, and make sure you have enough free storage. If it continues, contact Apple Support with your iPhone model and iOS version so we can help investigate."
310245,@AppleSupport iOS 11 has completely ruined my battery any way to fix it,Fri Oct 06 23:20:51 +0000 2017,2,2017-10-06 23:20:51+00:00,2017-10,software_update_performance,False,False,True,False,routine software troubleshooting is safe to auto-handle,rules_plus_AI_review,False,"Sorry you’re experiencing this after an update. Please restart your iPhone, check Settings > General > Software Update for any follow-up update, and make sure you have enough free storage. If it continues, contact Apple Support with your iPhone model and iOS version so we can help investigate."
219651,@AppleSupport I want my podcast to continuously play my episodes without me doing it manually! @115858 #ios11sucks,Thu Oct 05 01:58:08 +0000 2017,2,2017-10-05 01:58:08+00:00,2017-10,feature_how_to,False,False,True,False,informational or setup question is safe to auto-handle,rules_plus_AI_review,False,"We’re happy to help. You can find step-by-step guidance in the Apple Support app or at support.apple.com. Please tell us which Apple device and software version you’re using, and what you’d like to do."
851937,I have an iphone 7 plus and iOS 11 has destroyed my battery life. @115858 @123857 @116333 https://t.co/nGjXhor9Df,Mon Oct 09 13:57:36 +0000 2017,2,2017-10-09 13:57:36+00:00,2017-10,software_update_performance,False,False,True,False,routine software troubleshooting is safe to auto-handle,rules_plus_AI_review,False,"Sorry you’re experiencing this after an update. Please restart your iPhone, check Settings > General > Software Update for any follow-up update, and make sure you have enough free storage. If it continues, contact Apple Support with your iPhone model and iOS version so we can help investigate."
322674,"Hey @115858 , where is the dock missing??

iOS11 is worst release ever, major problems with Network even after iOS11.2 @AppleSupport https://t.co/Jjw9MRu86t",Sat Oct 07 05:38:24 +0000 2017,2,2017-10-07 05:38:24+00:00,2017-10,software_update_performance,True,False,True,True,compound case; human review reduces the risk of an incomplete response,rules_plus_AI_review,False,"Sorry you’re experiencing this after an update. Please restart your iPhone, check Settings > General > Software Update for any follow-up update, and make sure you have enough free storage. If it continues, contact Apple Support with your iPhone model and iOS version so we can help investigate."
363397,"I can't upload my videos or pictures directly from my Mac book to @123765

please help me @AppleSupport 🙄 https://t.co/IfFtXMn0qU",Sun Oct 08 16:42:10 +0000 2017,2,2017-10-08 16:42:10+00:00,2017-10,feature_how_to,False,False,True,False,informational or setup question is safe to auto-handle,rules_plus_AI_review,False,"We’re happy to help. You can find step-by-step guidance in the Apple Support app or at support.apple.com. Please tell us which Apple device and software version you’re using, and what you’d like to do."
489690,Why won't my phone update?! There is storage available so what gives @115858,Fri Dec 01 15:24:33 +0000 2017,4,2017-12-01 15:24:33+00:00,2017-12,software_update_performance,False,False,True,False,routine software troubleshooting is safe to auto-handle,rules_plus_AI_review,False,"Sorry you’re experiencing this after an update. Please restart your iPhone, check Settings > General > Software Update for any follow-up update, and make sure you have enough free storage. If it continues, contact Apple Support with your iPhone model and iOS version so we can help investigate."
284057,@115858 I CANT TEXT ANYONE CAUSE MY MESSAGE APP IS CRASHING FIX IT NOW,Fri Oct 06 05:32:39 +0000 2017,4,2017-10-06 05:32:39+00:00,2017-10,software_update_performance,False,False,True,False,routine software troubleshooting is safe to auto-handle,rules_plus_AI_review,False,"Sorry you’re experiencing this after an update. Please restart your iPhone, check Settings > General > Software Update for any follow-up update, and make sure you have enough free storage. If it continues, contact Apple Support with your iPhone model and iOS version so we can help investigate."
105376,dear @AppleSupport my phone screen stays on all the time despite my 30 sec. auto-lock settings - version 11.1.2,Thu Nov 30 18:10:20 +0000 2017,2,2017-11-30 18:10:20+00:00,2017-11,software_update_performance,False,False,True,False,routine software troubleshooting is safe to auto-handle,rules_plus_AI_review,False,"Sorry you’re experiencing this after an update. Please restart your iPhone, check Settings > General > Software Update for any follow-up update, and make sure you have enough free storage. If it continues, contact Apple Support with your iPhone model and iOS version so we can help investigate."
463114,Also @AppleSupport thanks for that security update which crashed my machine in mid recording. Thought Macs weren't supposed to do that. Hmm... https://t.co/47tLkQMMK4,Fri Dec 01 02:40:25 +0000 2017,2,2017-12-01 02:40:25+00:00,2017-12,software_update_performance,False,False,True,False,routine software troubleshooting is safe to auto-handle,rules_plus_AI_review,False,"Sorry you’re experiencing this after an update. Please restart your iPhone, check Settings > General > Software Update for any follow-up update, and make sure you have enough free storage. If it continues, contact Apple Support with your iPhone model and iOS version so we can help investigate."
864396,@AppleSupport why is there no coverage on iPod Touch after the iOS 11 battery drain? I don’t have an iPhone so help out the people with iPod,Fri Oct 20 16:18:03 +0000 2017,2,2017-10-20 16:18:03+00:00,2017-10,software_update_performance,False,False,True,False,routine software troubleshooting is safe to auto-handle,rules_plus_AI_review,False,"Sorry you’re experiencing this after an update. Please restart your iPhone, check Settings > General > Software Update for any follow-up update, and make sure you have enough free storage. If it continues, contact Apple Support with your iPhone model and iOS version so we can help investigate."
446447,@AppleSupport Podcasts in the iOS Podcast app are perpetually downloading and never finishing. I’m on wi-fi with plenty of storage space. Please help!,Thu Nov 30 19:23:04 +0000 2017,6,2017-11-30 19:23:04+00:00,2017-11,software_update_performance,False,False,True,False,routine software troubleshooting is safe to auto-handle,rules_plus_AI_review,False,"Sorry you’re experiencing this after an update. Please restart your iPhone, check Settings > General > Software Update for any follow-up update, and make sure you have enough free storage. If it continues, contact Apple Support with your iPhone model and iOS version so we can help investigate."
877752,@AppleSupport How do I search for Notes not in a folder? Trying to figure out how to separate ones that need to be organized from those that don't.,Thu Oct 19 16:19:57 +0000 2017,4,2017-10-19 16:19:57+00:00,2017-10,feature_how_to,False,False,True,False,informational or setup question is safe to auto-handle,rules_plus_AI_review,False,"We’re happy to help. You can find step-by-step guidance in the Apple Support app or at support.apple.com. Please tell us which Apple device and software version you’re using, and what you’d like to do."
805677,@AppleSupport my battery should not be dropping 20% every hour if I’m barely using my phone 📱,Thu Oct 12 16:49:06 +0000 2017,4,2017-10-12 16:49:06+00:00,2017-10,software_update_performance,False,False,True,False,routine software troubleshooting is safe to auto-handle,rules_plus_AI_review,False,"Sorry you’re experiencing this after an update. Please restart your iPhone, check Settings > General > Software Update for any follow-up update, and make sure you have enough free storage. If it continues, contact Apple Support with your iPhone model and iOS version so we can help investigate."
364082,@AppleSupport eu quero minha bateria de volta! Esse IOS tá drenando as forças dela!!,Sun Oct 08 17:23:41 +0000 2017,2,2017-10-08 17:23:41+00:00,2017-10,out_of_scope,False,True,True,True,"non-English input, out of scope for v1 auto-handling",rules_plus_AI_review,False,"Thanks for contacting Apple Support. To make sure we help accurately, please contact Apple Support in your preferred language through the Apple Support app or getsupport.apple.com."
489643,@AppleSupport @1143 @117128 who is the culprit here?? I’m not able to use the app.,Fri Dec 01 15:49:47 +0000 2017,9,2017-12-01 15:49:47+00:00,2017-12,software_update_performance,False,False,True,False,routine software troubleshooting is safe to auto-handle,rules_plus_AI_review,False,"Sorry you’re experiencing this after an update. Please restart your iPhone, check Settings > General > Software Update for any follow-up update, and make sure you have enough free storage. If it continues, contact Apple Support with your iPhone model and iOS version so we can help investigate."
174119,@AppleSupport is there anyone around I could talk to re: Apple renew?,Fri Nov 24 23:16:48 +0000 2017,2,2017-11-24 23:16:48+00:00,2017-11,other_unclear,False,False,True,False,insufficient detail; ask one clarifying question before routing,rules_plus_AI_review,False,"Sorry you’re running into this. Could you share your device model, software version, and what happens when you try? With those details, Apple Support can point you to the right next step."
682019,@115858 can you PUH lease fix these I️t boxes,Wed Nov 08 00:53:30 +0000 2017,5,2017-11-08 00:53:30+00:00,2017-11,software_update_performance,False,False,True,False,routine software troubleshooting is safe to auto-handle,rules_plus_AI_review,False,"Sorry you’re experiencing this after an update. Please restart your iPhone, check Settings > General > Software Update for any follow-up update, and make sure you have enough free storage. If it continues, contact Apple Support with your iPhone model and iOS version so we can help investigate."
31933,Why do my tweets have hashtags and square question marks? I’m updated to the latest iOS 11.1 @115858 fix me. #apple https://t.co/XzauijV1pG,Wed Nov 01 04:01:27 +0000 2017,2,2017-11-01 04:01:27+00:00,2017-11,software_update_performance,False,False,True,False,routine software troubleshooting is safe to auto-handle,rules_plus_AI_review,False,"Sorry you’re experiencing this after an update. Please restart your iPhone, check Settings > General > Software Update for any follow-up update, and make sure you have enough free storage. If it continues, contact Apple Support with your iPhone model and iOS version so we can help investigate."
21140,"Just watched my #iphone go from 23% battery to 20, then 13, now 9 all in 10 seconds. On low power mode. Wtf.",Wed Nov 22 12:59:10 +0000 2017,6,2017-11-22 12:59:10+00:00,2017-11,software_update_performance,False,False,True,False,routine software troubleshooting is safe to auto-handle,rules_plus_AI_review,False,"Sorry you’re experiencing this after an update. Please restart your iPhone, check Settings > General > Software Update for any follow-up update, and make sure you have enough free storage. If it continues, contact Apple Support with your iPhone model and iOS version so we can help investigate."
762555,"Since updating my phone I don’t receive WhatsApp notifications until I open the app. @AppleSupport, sort it out. Annoying af. 😒",Wed Oct 11 20:06:37 +0000 2017,8,2017-10-11 20:06:37+00:00,2017-10,software_update_performance,False,False,True,False,routine software troubleshooting is safe to auto-handle,rules_plus_AI_review,False,"Sorry you’re experiencing this after an update. Please restart your iPhone, check Settings > General > Software Update for any follow-up update, and make sure you have enough free storage. If it continues, contact Apple Support with your iPhone model and iOS version so we can help investigate."
335284,"@AppleSupport MacBook Pro won’t turn on, tried disconnecting the battery and powering via Mac safe cable...still nothing #help",Sat Oct 07 19:01:09 +0000 2017,2,2017-10-07 19:01:09+00:00,2017-10,hardware_physical,False,False,True,True,physical-device or potential safety issue requires human assessment,rules_plus_AI_review,False,"Sorry your device is having a hardware-related issue. Avoid further use if it is hot, swollen, damaged, or has a damaged battery. You can arrange an inspection through the Apple Support app or at getsupport.apple.com."
161237,I’m tired of this bitch turning off and freezing all the fucking time. Wtf  @115858,Fri Nov 24 18:41:26 +0000 2017,2,2017-11-24 18:41:26+00:00,2017-11,software_update_performance,False,False,True,False,routine software troubleshooting is safe to auto-handle,rules_plus_AI_review,False,"Sorry you’re experiencing this after an update. Please restart your iPhone, check Settings > General > Software Update for any follow-up update, and make sure you have enough free storage. If it continues, contact Apple Support with your iPhone model and iOS version so we can help investigate."
902805,"Yo, Apple...fix your shit.

Anytime I type “I”, it autocorrects to “I️”.

@AppleSupport",Thu Nov 02 06:58:29 +0000 2017,2,2017-11-02 06:58:29+00:00,2017-11,software_update_performance,False,False,True,False,routine software troubleshooting is safe to auto-handle,rules_plus_AI_review,False,"Sorry you’re experiencing this after an update. Please restart your iPhone, check Settings > General > Software Update for any follow-up update, and make sure you have enough free storage. If it continues, contact Apple Support with your iPhone model and iOS version so we can help investigate."
514742,@115858 y my phone always fucking up since the update?,Fri Dec 01 23:53:09 +0000 2017,2,2017-12-01 23:53:09+00:00,2017-12,software_update_performance,False,False,True,False,routine software troubleshooting is safe to auto-handle,rules_plus_AI_review,False,"Sorry you’re experiencing this after an update. Please restart your iPhone, check Settings > General > Software Update for any follow-up update, and make sure you have enough free storage. If it continues, contact Apple Support with your iPhone model and iOS version so we can help investigate."
368793,.@115858 I’ve had to hard restart my phone 3 times since updating to iOS 11.0.2 can you please fix your shit,Sun Oct 08 20:39:46 +0000 2017,3,2017-10-08 20:39:46+00:00,2017-10,software_update_performance,False,False,True,False,routine software troubleshooting is safe to auto-handle,rules_plus_AI_review,False,"Sorry you’re experiencing this after an update. Please restart your iPhone, check Settings > General > Software Update for any follow-up update, and make sure you have enough free storage. If it continues, contact Apple Support with your iPhone model and iOS version so we can help investigate."
503599,"@AppleSupport 
I open two Chrome windows, A &amp; B
Focus A
Command+Tab to Terminal
Command+Tab to Chrome
Now B is focused instead of A
How to go easily back and forth between Chrome A and Terminal?
Current behavior makes no sense!",Fri Dec 01 19:27:58 +0000 2017,5,2017-12-01 19:27:58+00:00,2017-12,feature_how_to,False,False,True,False,informational or setup question is safe to auto-handle,rules_plus_AI_review,False,"We’re happy to help. You can find step-by-step guidance in the Apple Support app or at support.apple.com. Please tell us which Apple device and software version you’re using, and what you’d like to do."
682076,"@115858 have defiantly been bugging with my phone because since the iPhone X has come out, my phones been moving like a dickhead",Wed Nov 08 11:51:35 +0000 2017,2,2017-11-08 11:51:35+00:00,2017-11,software_update_performance,False,False,True,False,routine software troubleshooting is safe to auto-handle,rules_plus_AI_review,False,"Sorry you’re experiencing this after an update. Please restart your iPhone, check Settings > General > Software Update for any follow-up update, and make sure you have enough free storage. If it continues, contact Apple Support with your iPhone model and iOS version so we can help investigate."
711678,@AppleSupport Ever since my iPhone 6 Plus automatically updated to IOS 11.0.2 it has been wigging out and every app is buggy. What is up?!?,Tue Oct 10 21:08:17 +0000 2017,2,2017-10-10 21:08:17+00:00,2017-10,software_update_performance,False,False,True,False,routine software troubleshooting is safe to auto-handle,rules_plus_AI_review,False,"Sorry you’re experiencing this after an update. Please restart your iPhone, check Settings > General > Software Update for any follow-up update, and make sure you have enough free storage. If it continues, contact Apple Support with your iPhone model and iOS version so we can help investigate."
234627,"Hey @115858 @AppleSupport is iOS 11 purposely designed to totally mess up your phone or is that just me and everyone else I know? Lmk, thx.",Thu Oct 05 04:29:41 +0000 2017,4,2017-10-05 04:29:41+00:00,2017-10,software_update_performance,False,False,True,False,routine software troubleshooting is safe to auto-handle,rules_plus_AI_review,False,"Sorry you’re experiencing this after an update. Please restart your iPhone, check Settings > General > Software Update for any follow-up update, and make sure you have enough free storage. If it continues, contact Apple Support with your iPhone model and iOS version so we can help investigate."
458412,@AppleSupport my laptop does this after I restart it as it’s turning on for about 15 seconds and then turns on like normal https://t.co/IMsLh6cblM,Fri Dec 01 00:47:27 +0000 2017,2,2017-12-01 00:47:27+00:00,2017-12,software_update_performance,False,False,True,False,routine software troubleshooting is safe to auto-handle,rules_plus_AI_review,False,"Sorry you’re experiencing this after an update. Please restart your iPhone, check Settings > General > Software Update for any follow-up update, and make sure you have enough free storage. If it continues, contact Apple Support with your iPhone model and iOS version so we can help investigate."
657742,"Hey @AppleSupport :After the #ios #ios11 #mess that is destroying my #iPhone,I wanna #downgrade to #ios10 .3.3 but u disabled that certi?",Thu Oct 05 07:34:43 +0000 2017,3,2017-10-05 07:34:43+00:00,2017-10,feature_how_to,False,False,True,False,informational or setup question is safe to auto-handle,rules_plus_AI_review,False,"We’re happy to help. You can find step-by-step guidance in the Apple Support app or at support.apple.com. Please tell us which Apple device and software version you’re using, and what you’d like to do."
281879,@AppleSupport my 7plus keeps freezing since I updated to iOS11. I have to keep restarting it. This is not good.,Thu Sep 28 00:48:16 +0000 2017,6,2017-09-28 00:48:16+00:00,2017-09,software_update_performance,False,False,True,False,routine software troubleshooting is safe to auto-handle,rules_plus_AI_review,False,"Sorry you’re experiencing this after an update. Please restart your iPhone, check Settings > General > Software Update for any follow-up update, and make sure you have enough free storage. If it continues, contact Apple Support with your iPhone model and iOS version so we can help investigate."
522960,@AppleSupport hi my iPhone crashing every app I open in 10 minutes I restart the phone twice already please help,Sat Dec 02 03:27:57 +0000 2017,2,2017-12-02 03:27:57+00:00,2017-12,software_update_performance,False,False,True,False,routine software troubleshooting is safe to auto-handle,rules_plus_AI_review,False,"Sorry you’re experiencing this after an update. Please restart your iPhone, check Settings > General > Software Update for any follow-up update, and make sure you have enough free storage. If it continues, contact Apple Support with your iPhone model and iOS version so we can help investigate."
215329,"@AppleSupport GET YOUR FUCKING SHIT TOGETHER, MY PHONES BEEN WEIRD SINCE THE UPDATE. 
AND NO IM NOT BUYING THE NEW IPHONE",Thu Oct 05 00:51:08 +0000 2017,4,2017-10-05 00:51:08+00:00,2017-10,software_update_performance,False,False,True,False,routine software troubleshooting is safe to auto-handle,rules_plus_AI_review,False,"Sorry you’re experiencing this after an update. Please restart your iPhone, check Settings > General > Software Update for any follow-up update, and make sure you have enough free storage. If it continues, contact Apple Support with your iPhone model and iOS version so we can help investigate."
302269,This is a $2000 laptop that just freezes for the fun of it. cc: @AppleSupport https://t.co/5CbS9yA45W,Fri Oct 06 18:43:27 +0000 2017,6,2017-10-06 18:43:27+00:00,2017-10,software_update_performance,False,False,True,False,routine software troubleshooting is safe to auto-handle,rules_plus_AI_review,False,"Sorry you’re experiencing this after an update. Please restart your iPhone, check Settings > General > Software Update for any follow-up update, and make sure you have enough free storage. If it continues, contact Apple Support with your iPhone model and iOS version so we can help investigate."
619364,I have no problem with my iPhone doing the glitch with I. It doesn’t happen to me. There’s a new glitch tho and it’s annoying as hell! This makes no fucking sense!!! @AppleSupport https://t.co/B5rvKPEWSH,Wed Nov 22 12:04:46 +0000 2017,2,2017-11-22 12:04:46+00:00,2017-11,software_update_performance,False,False,True,False,routine software troubleshooting is safe to auto-handle,rules_plus_AI_review,False,"Sorry you’re experiencing this after an update. Please restart your iPhone, check Settings > General > Software Update for any follow-up update, and make sure you have enough free storage. If it continues, contact Apple Support with your iPhone model and iOS version so we can help investigate."
236401,@AppleSupport - latest iOS is draining battery life doesn't last a day. #apple This happens annually just before a new phone announcements.,Thu Oct 05 08:37:47 +0000 2017,4,2017-10-05 08:37:47+00:00,2017-10,software_update_performance,False,False,True,False,routine software troubleshooting is safe to auto-handle,rules_plus_AI_review,False,"Sorry you’re experiencing this after an update. Please restart your iPhone, check Settings > General > Software Update for any follow-up update, and make sure you have enough free storage. If it continues, contact Apple Support with your iPhone model and iOS version so we can help investigate."
550693,@115858 my iPhone won’t stop rebooting every 30 seconds! Driving me insane!!,Sat Dec 02 14:11:39 +0000 2017,4,2017-12-02 14:11:39+00:00,2017-12,software_update_performance,False,False,True,False,routine software troubleshooting is safe to auto-handle,rules_plus_AI_review,False,"Sorry you’re experiencing this after an update. Please restart your iPhone, check Settings > General > Software Update for any follow-up update, and make sure you have enough free storage. If it continues, contact Apple Support with your iPhone model and iOS version so we can help investigate."
689370,Is anyone else’s Touch ID not working after iOS 11.1.2 update? #apple #iphone #update @AppleSupport,Thu Nov 23 07:49:42 +0000 2017,2,2017-11-23 07:49:42+00:00,2017-11,software_update_performance,False,False,True,False,routine software troubleshooting is safe to auto-handle,rules_plus_AI_review,False,"Sorry you’re experiencing this after an update. Please restart your iPhone, check Settings > General > Software Update for any follow-up update, and make sure you have enough free storage. If it continues, contact Apple Support with your iPhone model and iOS version so we can help investigate."
842487,Has anyone else had issues w/ their volume buttons with #iOS11 ? Mine seem to only work whenever the fuck they want to. @115858,Fri Oct 20 07:02:24 +0000 2017,2,2017-10-20 07:02:24+00:00,2017-10,software_update_performance,False,False,True,False,routine software troubleshooting is safe to auto-handle,rules_plus_AI_review,False,"Sorry you’re experiencing this after an update. Please restart your iPhone, check Settings > General > Software Update for any follow-up update, and make sure you have enough free storage. If it continues, contact Apple Support with your iPhone model and iOS version so we can help investigate."
982072,@115858 the new iOS update has really messed up my phone. Is there a new one coming to fix this?,Sun Oct 22 08:28:10 +0000 2017,2,2017-10-22 08:28:10+00:00,2017-10,software_update_performance,False,False,True,False,routine software troubleshooting is safe to auto-handle,rules_plus_AI_review,False,"Sorry you’re experiencing this after an update. Please restart your iPhone, check Settings > General > Software Update for any follow-up update, and make sure you have enough free storage. If it continues, contact Apple Support with your iPhone model and iOS version so we can help investigate."
587009,@AppleSupport What happens if someone sends me money via iMessage with Apple Pay Cash and I don’t have Apple Pay set up with a card?,Sun Dec 03 11:54:08 +0000 2017,2,2017-12-03 11:54:08+00:00,2017-12,feature_how_to,False,False,True,False,informational or setup question is safe to auto-handle,rules_plus_AI_review,False,"We’re happy to help. You can find step-by-step guidance in the Apple Support app or at support.apple.com. Please tell us which Apple device and software version you’re using, and what you’d like to do."
325346,@115858 @AppleSupport @116333 Any update on the wishlist? I had 60+ apps (can't remember them all!) in there and also want to add new ones.,Sat Sep 23 16:01:11 +0000 2017,3,2017-09-23 16:01:11+00:00,2017-09,data_backup_loss,False,False,True,True,significant or potentially irreversible data loss requires human review,rules_plus_AI_review,False,We’re sorry about the missing data. Please do not overwrite or erase the device yet. Check Settings > [your name] > iCloud > iCloud Backup and any recent computer backup. Apple Support can help review available recovery options.
1034183,"@116333 Hey, this new version of iTunes is missing stuff. Like an easy way to manage apps and ringtones. Restore the functionality please.",Mon Sep 18 22:51:02 +0000 2017,3,2017-09-18 22:51:02+00:00,2017-09,feature_how_to,False,False,True,False,informational or setup question is safe to auto-handle,rules_plus_AI_review,False,"We’re happy to help. You can find step-by-step guidance in the Apple Support app or at support.apple.com. Please tell us which Apple device and software version you’re using, and what you’d like to do."
631883,"@115858, what are you doing? Weird #ios bug? #easteregg https://t.co/twyypWFvVH",Wed Nov 22 15:08:01 +0000 2017,3,2017-11-22 15:08:01+00:00,2017-11,software_update_performance,False,False,True,False,routine software troubleshooting is safe to auto-handle,rules_plus_AI_review,False,"Sorry you’re experiencing this after an update. Please restart your iPhone, check Settings > General > Software Update for any follow-up update, and make sure you have enough free storage. If it continues, contact Apple Support with your iPhone model and iOS version so we can help investigate."
143563,"Help @AppleSupport since the 11.2 update, I’m having issues with some calls I make and receive: I can hear but the other person on call can’t hear me. Previous to the 11.3 update, my calls would sometimes cancel a second after connecting.",Wed Nov 22 10:35:35 +0000 2017,8,2017-11-22 10:35:35+00:00,2017-11,software_update_performance,True,False,True,True,compound case; human review reduces the risk of an incomplete response,rules_plus_AI_review,False,"Sorry you’re experiencing this after an update. Please restart your iPhone, check Settings > General > Software Update for any follow-up update, and make sure you have enough free storage. If it continues, contact Apple Support with your iPhone model and iOS version so we can help investigate."
901580,So iOS 11 sucks so bad I’m considering android. @115858 give me my battery back!,Fri Oct 20 22:43:27 +0000 2017,2,2017-10-20 22:43:27+00:00,2017-10,software_update_performance,False,False,True,False,routine software troubleshooting is safe to auto-handle,rules_plus_AI_review,False,"Sorry you’re experiencing this after an update. Please restart your iPhone, check Settings > General > Software Update for any follow-up update, and make sure you have enough free storage. If it continues, contact Apple Support with your iPhone model and iOS version so we can help investigate."
431366,"Maps shootout: @115858 in the left corner, @122986 in the right. Go! @200998 wins by 16 hours!!! https://t.co/Q0vdeUTFdI",Tue Oct 10 05:17:03 +0000 2017,2,2017-10-10 05:17:03+00:00,2017-10,out_of_scope,False,False,False,False,excluded: not a support request,rules_plus_AI_review,False,"Thanks for reaching out. This request is outside the support help we can provide here. For Apple product assistance, please describe the Apple device and issue you need help with."
898645,I love when my phone randomly just stops working 😍😍 thanks @115858,Tue Nov 07 23:55:07 +0000 2017,2,2017-11-07 23:55:07+00:00,2017-11,other_unclear,False,False,True,False,insufficient detail; ask one clarifying question before routing,rules_plus_AI_review,False,"Sorry you’re running into this. Could you share your device model, software version, and what happens when you try? With those details, Apple Support can point you to the right next step."
241464,Dear @115858 . iOS 11 is fucking up my iPhone 6S Plus. Have never experienced so much software shittiness on iPhone in 2 years of ownership,Mon Oct 09 10:50:05 +0000 2017,3,2017-10-09 10:50:05+00:00,2017-10,software_update_performance,False,False,True,False,routine software troubleshooting is safe to auto-handle,rules_plus_AI_review,False,"Sorry you’re experiencing this after an update. Please restart your iPhone, check Settings > General > Software Update for any follow-up update, and make sure you have enough free storage. If it continues, contact Apple Support with your iPhone model and iOS version so we can help investigate."
521310,"Erm, @AppleSupport my Air is crashing almost every hour now and drains🔋big time after installing the security patch. What's that about?",Sat Dec 02 02:16:21 +0000 2017,2,2017-12-02 02:16:21+00:00,2017-12,software_update_performance,True,False,True,True,compound case; human review reduces the risk of an incomplete response,rules_plus_AI_review,False,"Sorry you’re experiencing this after an update. Please restart your iPhone, check Settings > General > Software Update for any follow-up update, and make sure you have enough free storage. If it continues, contact Apple Support with your iPhone model and iOS version so we can help investigate."
13211,@AppleSupport what is happening with my phone??? I️ wrote “I️ got” and that happened https://t.co/V9oKSSZKGQ,Wed Nov 01 01:32:42 +0000 2017,2,2017-11-01 01:32:42+00:00,2017-11,software_update_performance,False,False,True,False,routine software troubleshooting is safe to auto-handle,rules_plus_AI_review,False,"Sorry you’re experiencing this after an update. Please restart your iPhone, check Settings > General > Software Update for any follow-up update, and make sure you have enough free storage. If it continues, contact Apple Support with your iPhone model and iOS version so we can help investigate."
617175,@115858 bought a MacBook Pro 6 weeks ago. It was faulty straight out of the box. Just had it exchanged and the new one is also faulty. Shit,Wed Nov 22 08:47:32 +0000 2017,2,2017-11-22 08:47:32+00:00,2017-11,hardware_physical,False,False,True,True,physical-device or potential safety issue requires human assessment,rules_plus_AI_review,False,"Sorry your device is having a hardware-related issue. Avoid further use if it is hot, swollen, damaged, or has a damaged battery. You can arrange an inspection through the Apple Support app or at getsupport.apple.com."
242511,"@AppleSupport Hello, team! is there any way I can wipe “Other” from my storage? And y do photos not offload to iCloud to save phone space? https://t.co/zQ3h9pZdZw",Wed Sep 27 06:12:23 +0000 2017,6,2017-09-27 06:12:23+00:00,2017-09,data_backup_loss,True,False,True,True,compound case; human review reduces the risk of an incomplete response,rules_plus_AI_review,False,We’re sorry about the missing data. Please do not overwrite or erase the device yet. Check Settings > [your name] > iCloud > iCloud Backup and any recent computer backup. Apple Support can help review available recovery options.
58197,@115858 I️ CANT FUNCTION WITH MY I’s NOT WORKING FIX THIS.,Wed Nov 01 19:37:59 +0000 2017,2,2017-11-01 19:37:59+00:00,2017-11,software_update_performance,False,False,True,False,routine software troubleshooting is safe to auto-handle,rules_plus_AI_review,False,"Sorry you’re experiencing this after an update. Please restart your iPhone, check Settings > General > Software Update for any follow-up update, and make sure you have enough free storage. If it continues, contact Apple Support with your iPhone model and iOS version so we can help investigate."
716502,@AppleSupport When playing CoC and I open control center the screen go black and the circling icon shows up and I’m back at the lock screen,Fri Oct 06 04:02:51 +0000 2017,5,2017-10-06 04:02:51+00:00,2017-10,software_update_performance,False,False,True,False,routine software troubleshooting is safe to auto-handle,rules_plus_AI_review,False,"Sorry you’re experiencing this after an update. Please restart your iPhone, check Settings > General > Software Update for any follow-up update, and make sure you have enough free storage. If it continues, contact Apple Support with your iPhone model and iOS version so we can help investigate."
119526,"@AppleSupport ""we're here to provide tips, tricks and helpful information"" ok so can you help me then?",Thu Nov 23 22:16:49 +0000 2017,2,2017-11-23 22:16:49+00:00,2017-11,other_unclear,False,False,True,False,insufficient detail; ask one clarifying question before routing,rules_plus_AI_review,False,"Sorry you’re running into this. Could you share your device model, software version, and what happens when you try? With those details, Apple Support can point you to the right next step."
703079,"@AppleSupport it just gets worse after each upgrade.  Battery drain is horrible, random reboots, taken to talk-to-text since lag is so bad.",Thu Nov 23 16:50:14 +0000 2017,2,2017-11-23 16:50:14+00:00,2017-11,software_update_performance,True,False,True,True,compound case; human review reduces the risk of an incomplete response,rules_plus_AI_review,False,"Sorry you’re experiencing this after an update. Please restart your iPhone, check Settings > General > Software Update for any follow-up update, and make sure you have enough free storage. If it continues, contact Apple Support with your iPhone model and iOS version so we can help investigate."
506507,@127271 we bought a new @115858 charger for our Mac from you in August and @18941 just confirmed that it’s faulty and the reason our Mac won’t charge - any chance we’ll be able to exchange it with receipt?,Fri Dec 01 20:56:36 +0000 2017,2,2017-12-01 20:56:36+00:00,2017-12,hardware_physical,False,False,True,True,physical-device or potential safety issue requires human assessment,rules_plus_AI_review,False,"Sorry your device is having a hardware-related issue. Avoid further use if it is hot, swollen, damaged, or has a damaged battery. You can arrange an inspection through the Apple Support app or at getsupport.apple.com."
382491,Dog what are these question marks in my tweet? @115858,Mon Nov 06 16:20:52 +0000 2017,3,2017-11-06 16:20:52+00:00,2017-11,software_update_performance,False,False,True,False,routine software troubleshooting is safe to auto-handle,rules_plus_AI_review,False,"Sorry you’re experiencing this after an update. Please restart your iPhone, check Settings > General > Software Update for any follow-up update, and make sure you have enough free storage. If it continues, contact Apple Support with your iPhone model and iOS version so we can help investigate."
908110,Thank @115858 for the update that causes my phone to go from 100% to 35% over night with only 2 notifications... (11:30pm-6:30am)#ios11,Tue Oct 10 11:53:07 +0000 2017,2,2017-10-10 11:53:07+00:00,2017-10,software_update_performance,False,False,True,False,routine software troubleshooting is safe to auto-handle,rules_plus_AI_review,False,"Sorry you’re experiencing this after an update. Please restart your iPhone, check Settings > General > Software Update for any follow-up update, and make sure you have enough free storage. If it continues, contact Apple Support with your iPhone model and iOS version so we can help investigate."
39628,@AppleSupport upgraded to iOS 11.1 today from 11.03 and iMessage has stopped working and will not activate. Suggestions?,Wed Nov 01 12:07:11 +0000 2017,4,2017-11-01 12:07:11+00:00,2017-11,connectivity,False,False,True,False,routine connectivity troubleshooting is safe to auto-handle,rules_plus_AI_review,False,"Sorry you’re having trouble connecting. Try turning Wi-Fi or Bluetooth off and back on, restarting the device, and installing the latest software update. If it persists, tell us your device model, software version, and the network/accessory involved."
286902,IOS 11 has made YouTube and FaceTime extra glitchy. It started on my 7plus and now it’s on my 8plus @AppleSupport #ios11,Fri Oct 06 10:30:36 +0000 2017,6,2017-10-06 10:30:36+00:00,2017-10,software_update_performance,True,False,True,True,compound case; human review reduces the risk of an incomplete response,rules_plus_AI_review,False,"Sorry you’re experiencing this after an update. Please restart your iPhone, check Settings > General > Software Update for any follow-up update, and make sure you have enough free storage. If it continues, contact Apple Support with your iPhone model and iOS version so we can help investigate."
337016,#iOS11 doesn't let me send email with my email signature randomly for some emails.  So odd @AppleSupport,Sat Oct 07 20:21:50 +0000 2017,2,2017-10-07 20:21:50+00:00,2017-10,software_update_performance,False,False,True,False,routine software troubleshooting is safe to auto-handle,rules_plus_AI_review,False,"Sorry you’re experiencing this after an update. Please restart your iPhone, check Settings > General > Software Update for any follow-up update, and make sure you have enough free storage. If it continues, contact Apple Support with your iPhone model and iOS version so we can help investigate."
541101,"@AppleSupport my iPhone 7 running iOS 11.1.2 just started crashing constantly, screen goes black then shows Apple busy circle symbol the auto locks my phone, brings me to the lock screen and after I unlock it all progress of previous work is lost, have to reopen app",Sat Dec 02 06:11:58 +0000 2017,3,2017-12-02 06:11:58+00:00,2017-12,software_update_performance,False,False,True,False,routine software troubleshooting is safe to auto-handle,rules_plus_AI_review,False,"Sorry you’re experiencing this after an update. Please restart your iPhone, check Settings > General > Software Update for any follow-up update, and make sure you have enough free storage. If it continues, contact Apple Support with your iPhone model and iOS version so we can help investigate."
118128,why can i not update if i have enough storage? @115858 https://t.co/qPS2v9p0Li,Thu Nov 23 21:28:45 +0000 2017,2,2017-11-23 21:28:45+00:00,2017-11,software_update_performance,False,False,True,False,routine software troubleshooting is safe to auto-handle,rules_plus_AI_review,False,"Sorry you’re experiencing this after an update. Please restart your iPhone, check Settings > General > Software Update for any follow-up update, and make sure you have enough free storage. If it continues, contact Apple Support with your iPhone model and iOS version so we can help investigate."
384052,@AppleSupport 😡😡😡😡 FIX THE SOFTWARE ALREADY.  IM OVER IT😤😩😡😡😡😡😡😡😡😡😡😡😡😡😡😡,Fri Oct 06 13:08:02 +0000 2017,2,2017-10-06 13:08:02+00:00,2017-10,software_update_performance,False,False,True,False,routine software troubleshooting is safe to auto-handle,rules_plus_AI_review,False,"Sorry you’re experiencing this after an update. Please restart your iPhone, check Settings > General > Software Update for any follow-up update, and make sure you have enough free storage. If it continues, contact Apple Support with your iPhone model and iOS version so we can help investigate."
934465,"Well my phone is glitching, overheating , deleting pictures and logging out of my iCloud !!!!!!!!!!!! @AppleSupport help I've tried calling",Sat Oct 21 10:36:11 +0000 2017,2,2017-10-21 10:36:11+00:00,2017-10,data_backup_loss,True,False,True,True,compound case; human review reduces the risk of an incomplete response,rules_plus_AI_review,False,We’re sorry about the missing data. Please do not overwrite or erase the device yet. Check Settings > [your name] > iCloud > iCloud Backup and any recent computer backup. Apple Support can help review available recovery options.
483239,"@AppleSupport  @115858, it so confusing that the ‘stop’ and ‘snooze/repeat’ buttons are just in wrong positions in either alarm or the timer!
See attached screen exhibits! https://t.co/pttyc9vamJ",Fri Dec 01 07:21:59 +0000 2017,2,2017-12-01 07:21:59+00:00,2017-12,feature_how_to,False,False,True,False,informational or setup question is safe to auto-handle,rules_plus_AI_review,False,"We’re happy to help. You can find step-by-step guidance in the Apple Support app or at support.apple.com. Please tell us which Apple device and software version you’re using, and what you’d like to do."
413790,@AppleSupport Is there anyway to go back to the old IOS?  this new update sucks,Fri Oct 06 12:42:56 +0000 2017,2,2017-10-06 12:42:56+00:00,2017-10,feature_how_to,False,False,True,False,informational or setup question is safe to auto-handle,rules_plus_AI_review,False,"We’re happy to help. You can find step-by-step guidance in the Apple Support app or at support.apple.com. Please tell us which Apple device and software version you’re using, and what you’d like to do."
187936,@115858 IOS11 sucks. Killed performans of my iPhone6 . Are you doing in purpose? Solve it or this will be the last apple product I bought.,Wed Oct 04 02:22:05 +0000 2017,8,2017-10-04 02:22:05+00:00,2017-10,software_update_performance,False,False,True,False,routine software troubleshooting is safe to auto-handle,rules_plus_AI_review,False,"Sorry you’re experiencing this after an update. Please restart your iPhone, check Settings > General > Software Update for any follow-up update, and make sure you have enough free storage. If it continues, contact Apple Support with your iPhone model and iOS version so we can help investigate."
699576,I completed the @115858 #Thanksgiving Day challenge this morning and the award didn't unlock. #Applechallenge #Applefail #fail 😢😠😤,Thu Nov 23 13:50:07 +0000 2017,3,2017-11-23 13:50:07+00:00,2017-11,software_update_performance,False,False,True,False,routine software troubleshooting is safe to auto-handle,rules_plus_AI_review,False,"Sorry you’re experiencing this after an update. Please restart your iPhone, check Settings > General > Software Update for any follow-up update, and make sure you have enough free storage. If it continues, contact Apple Support with your iPhone model and iOS version so we can help investigate."
639730,"@115858 Anyone thinking of an iwatch for Christmas save your money unless you want to keep it in it’s beautiful presentation box and look at it, that way you will not break its weak screen.",Wed Nov 22 20:01:35 +0000 2017,2,2017-11-22 20:01:35+00:00,2017-11,hardware_physical,False,False,True,True,physical-device or potential safety issue requires human assessment,rules_plus_AI_review,False,"Sorry your device is having a hardware-related issue. Avoid further use if it is hot, swollen, damaged, or has a damaged battery. You can arrange an inspection through the Apple Support app or at getsupport.apple.com."
143497,Just connected to a Bluetooth speaker and my phone thinks I’m driving. Why? What types of devices are @115858 looking for when they invoke Safe Driving.,Fri Nov 24 04:50:24 +0000 2017,2,2017-11-24 04:50:24+00:00,2017-11,feature_how_to,False,False,True,False,informational or setup question is safe to auto-handle,rules_plus_AI_review,False,"We’re happy to help. You can find step-by-step guidance in the Apple Support app or at support.apple.com. Please tell us which Apple device and software version you’re using, and what you’d like to do."
248189,".@AppleSupport Q: was the WatchOS 4.0.1 update only released for Series 3 watches? Just curious, thanks!",Thu Oct 05 13:55:57 +0000 2017,5,2017-10-05 13:55:57+00:00,2017-10,feature_how_to,False,False,True,False,informational or setup question is safe to auto-handle,rules_plus_AI_review,False,"We’re happy to help. You can find step-by-step guidance in the Apple Support app or at support.apple.com. Please tell us which Apple device and software version you’re using, and what you’d like to do."
286757,"@126 @applesupport Instagram and notifications = no go. Tons of apps missing in my ""notifications"" ain't reinstalling them all! 😠 https://t.co/NkgFgkNV1O",Sat Sep 30 21:26:00 +0000 2017,3,2017-09-30 21:26:00+00:00,2017-09,software_update_performance,False,False,True,False,routine software troubleshooting is safe to auto-handle,rules_plus_AI_review,False,"Sorry you’re experiencing this after an update. Please restart your iPhone, check Settings > General > Software Update for any follow-up update, and make sure you have enough free storage. If it continues, contact Apple Support with your iPhone model and iOS version so we can help investigate."
522080,Hi @AppleSupport I'm locked out of my ipad can you help ?,Sat Dec 02 02:54:02 +0000 2017,2,2017-12-02 02:54:02+00:00,2017-12,account_access_security,False,False,True,True,security-sensitive; identity or legitimacy verification may be required,rules_plus_AI_review,False,"We can help you regain secure access. For your protection, never share passwords or verification codes. Start account recovery at iforgot.apple.com, or contact Apple Support if you no longer have access to your trusted phone number or device."
553539,@AppleSupport What’s up with my phone restarting every few minutes?,Sat Dec 02 16:45:29 +0000 2017,2,2017-12-02 16:45:29+00:00,2017-12,software_update_performance,False,False,True,False,routine software troubleshooting is safe to auto-handle,rules_plus_AI_review,False,"Sorry you’re experiencing this after an update. Please restart your iPhone, check Settings > General > Software Update for any follow-up update, and make sure you have enough free storage. If it continues, contact Apple Support with your iPhone model and iOS version so we can help investigate."
821143,Does anyone know how to fix this problem?? I got my screen replaced and now I can’t use my camera!! #iphone6s @115858 yes I’ve enabled my📷 https://t.co/PUPtz1TMiE,Sun Oct 08 18:03:18 +0000 2017,2,2017-10-08 18:03:18+00:00,2017-10,hardware_physical,False,False,True,True,physical-device or potential safety issue requires human assessment,rules_plus_AI_review,False,"Sorry your device is having a hardware-related issue. Avoid further use if it is hot, swollen, damaged, or has a damaged battery. You can arrange an inspection through the Apple Support app or at getsupport.apple.com."
565881,@AppleSupport y’all wanna let me and many other users know why my iphone 7+ keeps resetting?? Is this an issue that’s being looked at and not just swept under the rug as something that’s my fault? it’s obviously an issue on your end.,Sun Dec 03 00:38:54 +0000 2017,5,2017-12-03 00:38:54+00:00,2017-12,software_update_performance,False,False,True,False,routine software troubleshooting is safe to auto-handle,rules_plus_AI_review,False,"Sorry you’re experiencing this after an update. Please restart your iPhone, check Settings > General > Software Update for any follow-up update, and make sure you have enough free storage. If it continues, contact Apple Support with your iPhone model and iOS version so we can help investigate."
658712,Does new @115858 update stop my phone from freezing when I’m trying switch between two apps? Then I have to let my phone die to be functional,Thu Oct 05 10:36:08 +0000 2017,2,2017-10-05 10:36:08+00:00,2017-10,software_update_performance,False,False,True,False,routine software troubleshooting is safe to auto-handle,rules_plus_AI_review,False,"Sorry you’re experiencing this after an update. Please restart your iPhone, check Settings > General > Software Update for any follow-up update, and make sure you have enough free storage. If it continues, contact Apple Support with your iPhone model and iOS version so we can help investigate."
1040207,@AppleSupport so after going to ios 11 and when i tryed to do touch id set up it doesnt work and now my battery is draining fast,Sun Oct 15 16:47:44 +0000 2017,2,2017-10-15 16:47:44+00:00,2017-10,software_update_performance,True,False,True,True,compound case; human review reduces the risk of an incomplete response,rules_plus_AI_review,False,"Sorry you’re experiencing this after an update. Please restart your iPhone, check Settings > General > Software Update for any follow-up update, and make sure you have enough free storage. If it continues, contact Apple Support with your iPhone model and iOS version so we can help investigate."
55093,"And all of a sudden, for no reason, 80GB of music got wiped. WTF, @AppleSupport? 🤨 › https://t.co/1tJaHSlrBj",Wed Nov 01 16:53:07 +0000 2017,6,2017-11-01 16:53:07+00:00,2017-11,data_backup_loss,False,False,True,True,significant or potentially irreversible data loss requires human review,rules_plus_AI_review,False,We’re sorry about the missing data. Please do not overwrite or erase the device yet. Check Settings > [your name] > iCloud > iCloud Backup and any recent computer backup. Apple Support can help review available recovery options.
237027,@AppleSupport I have been locked out of my account for 5 days and now it says 23 days. I want this canceled,Fri Sep 29 19:16:39 +0000 2017,4,2017-09-29 19:16:39+00:00,2017-09,account_access_security,False,False,True,True,security-sensitive; identity or legitimacy verification may be required,rules_plus_AI_review,False,"We can help you regain secure access. For your protection, never share passwords or verification codes. Start account recovery at iforgot.apple.com, or contact Apple Support if you no longer have access to your trusted phone number or device."
331724,O dona @AppleSupport meu telefone tá com um som estranho e parece que tá inchando do lado esquerdo. Tá bonito isso.,Sat Oct 07 15:53:44 +0000 2017,2,2017-10-07 15:53:44+00:00,2017-10,out_of_scope,False,True,True,True,"non-English input, out of scope for v1 auto-handling",rules_plus_AI_review,False,"Thanks for contacting Apple Support. To make sure we help accurately, please contact Apple Support in your preferred language through the Apple Support app or getsupport.apple.com."
563021,"my iPhone 6s and my iPad Air 2, when you open an app and it stays longer, the background of the app will stay. You can see it if your brightness is up and youre in a black background. Please fix this😩😭 it’s annoying @AppleSupport",Sat Dec 02 23:18:30 +0000 2017,4,2017-12-02 23:18:30+00:00,2017-12,software_update_performance,False,False,True,False,routine software troubleshooting is safe to auto-handle,rules_plus_AI_review,False,"Sorry you’re experiencing this after an update. Please restart your iPhone, check Settings > General > Software Update for any follow-up update, and make sure you have enough free storage. If it continues, contact Apple Support with your iPhone model and iOS version so we can help investigate."
937548,What convinced you to avoid purchasing an Apple product? by Pooja Sharma https://t.co/9croB65wv2,Sat Sep 23 14:43:48 +0000 2017,3,2017-09-23 14:43:48+00:00,2017-09,out_of_scope,False,False,False,False,excluded: not a support request,rules_plus_AI_review,False,"Thanks for reaching out. This request is outside the support help we can provide here. For Apple product assistance, please describe the Apple device and issue you need help with."
