thread_id,opening_text,created_at,n_turns,dt,month,label_intent,is_multi_issue,is_non_english,is_support_request,label_escalate,label_reason
145247,@115858 @AppleSupport I think you need to notify people of the below scam. https://t.co/6huzzgeLKX,Fri Nov 24 05:38:07 +0000 2017,2,2017-11-24 05:38:07+00:00,2017-11,account_access_security,False,False,True,True,security-sensitive; identity or legitimacy verification may be required
242356,"@AppleSupport não aguento mais carregar meu celular não seus fodido, terei que ir pro iOS 10 novamente?",Fri Sep 29 21:48:26 +0000 2017,4,2017-09-29 21:48:26+00:00,2017-09,out_of_scope,False,True,True,True,"non-English input, out of scope for v1 auto-handling"
518351,@AppleSupport my iPhone keeps bringing this up every couple minutes then back to home screen!! Help?? I updated and all?? https://t.co/5EicSu6VvH,Sat Dec 02 01:07:00 +0000 2017,2,2017-12-02 01:07:00+00:00,2017-12,software_update_performance,False,False,True,False,routine software troubleshooting is safe to auto-handle
234411,@AppleSupport Apple Care plus not yet registered on my iPhone 8 Plus,Thu Oct 05 04:08:46 +0000 2017,2,2017-10-05 04:08:46+00:00,2017-10,billing_subscription_purchase,False,False,True,True,"money-sensitive purchase, charge, subscription, or fulfillment issue"
496842,"@AppleSupport Vocês podiam fazer alguma coisa quanto a esse bug do iOS no iPhone 5S, tá insuportável",Fri Dec 01 17:49:44 +0000 2017,2,2017-12-01 17:49:44+00:00,2017-12,out_of_scope,False,True,True,True,"non-English input, out of scope for v1 auto-handling"
934473,@AppleSupport phone number for two factor authentification doesnt exist anymore wtf am i supposed 2 do to restore my goddamn iphone w/icloud,Sat Oct 21 10:34:32 +0000 2017,2,2017-10-21 10:34:32+00:00,2017-10,account_access_security,False,False,True,True,security-sensitive; identity or legitimacy verification may be required
453966,@AppleSupport can you help me ? I have sent my problem in DM,Thu Nov 30 22:37:59 +0000 2017,2,2017-11-30 22:37:59+00:00,2017-11,other_unclear,False,False,True,False,insufficient detail; ask one clarifying question before routing
286883,"@AppleSupport
sometimes my iphone hot when not connected to the internet :(",Fri Oct 06 10:56:15 +0000 2017,4,2017-10-06 10:56:15+00:00,2017-10,hardware_physical,False,False,True,True,physical-device or potential safety issue requires human assessment
952583,@115858 your update has fucked up my iPhone #wtf,Sat Oct 21 18:35:00 +0000 2017,2,2017-10-21 18:35:00+00:00,2017-10,software_update_performance,False,False,True,False,routine software troubleshooting is safe to auto-handle
146610,@AppleSupport Why are the buttons like that? https://t.co/XHgG77luaR,Thu Nov 23 07:30:27 +0000 2017,4,2017-11-23 07:30:27+00:00,2017-11,software_update_performance,False,False,True,False,routine software troubleshooting is safe to auto-handle
187447,@AppleSupport how come every time I update my phone it only gets slower and painful to use? Perhaps a scheme forcing me to get a new one?,Wed Oct 04 02:32:51 +0000 2017,2,2017-10-04 02:32:51+00:00,2017-10,software_update_performance,False,False,True,False,routine software troubleshooting is safe to auto-handle
567641,@AppleSupport So does iOS 11.2 not actually include Apple Pay Cash?,Sun Dec 03 01:56:27 +0000 2017,2,2017-12-03 01:56:27+00:00,2017-12,feature_how_to,False,False,True,False,informational or setup question is safe to auto-handle
559052,@AppleSupport I don’t see the Pay Cash card in my wallet after updating to iOS 11.2,Sat Dec 02 21:56:44 +0000 2017,3,2017-12-02 21:56:44+00:00,2017-12,feature_how_to,False,False,True,False,informational or setup question is safe to auto-handle
208953,Yo @115858 WTF is with this auto WiFi and Bluetooth connection... it’s mad annoying!!!,Wed Oct 04 19:38:48 +0000 2017,4,2017-10-04 19:38:48+00:00,2017-10,connectivity,False,False,True,False,routine connectivity troubleshooting is safe to auto-handle
486130,"After a MacOs upgrade to High Sierra my MacBook Pro Retina Early 2013 became kind of slow/sluggish, any ideas @115858 ? Anyone has some fix for that? :P",Fri Dec 01 13:30:33 +0000 2017,4,2017-12-01 13:30:33+00:00,2017-12,software_update_performance,False,False,True,False,routine software troubleshooting is safe to auto-handle
582769,@AppleSupport Is this normal on a Series 3 Watch? (Tried pair-unpair to no avail) https://t.co/gXYj7C6ehP,Sun Dec 03 05:01:36 +0000 2017,2,2017-12-03 05:01:36+00:00,2017-12,software_update_performance,False,False,True,False,routine software troubleshooting is safe to auto-handle
557919,Who else is having a problem with their IPhone @115858 @AppleSupport,Sat Dec 02 20:26:36 +0000 2017,2,2017-12-02 20:26:36+00:00,2017-12,other_unclear,False,False,True,False,insufficient detail; ask one clarifying question before routing
559060,@AppleSupport :( https://t.co/IuCsH0d6a6,Sat Dec 02 21:46:27 +0000 2017,2,2017-12-02 21:46:27+00:00,2017-12,other_unclear,False,False,True,False,insufficient detail; ask one clarifying question before routing
483281,"i’m bouta pitch this phone though like!!
@115858 FIX MY SHIT BRUH!!!",Fri Dec 01 06:18:32 +0000 2017,2,2017-12-01 06:18:32+00:00,2017-12,other_unclear,False,False,True,False,insufficient detail; ask one clarifying question before routing
663884,"@115858 your updates since the release of the iPhone 8 and x have SCREWED my phone up. Videos don’t play right, orientation is messed up. PLEASE FIX IT!",Thu Nov 23 02:07:15 +0000 2017,2,2017-11-23 02:07:15+00:00,2017-11,software_update_performance,True,False,True,True,compound case; human review reduces the risk of an incomplete response
709528,"@115858 

iOS 11.x

The animation which happens when an icon is 3D-touched, is buggy and slow and fragmented on iPh-6s

Kindly resolve it !!",Tue Oct 10 18:57:09 +0000 2017,9,2017-10-10 18:57:09+00:00,2017-10,software_update_performance,False,False,True,False,routine software troubleshooting is safe to auto-handle
437434,@115858 My iPhone has been extremely slow ever since I updated my phone. It will constantly freeze and turn off on its own. Why is this? 😡,Tue Oct 10 16:26:33 +0000 2017,3,2017-10-10 16:26:33+00:00,2017-10,software_update_performance,True,False,True,True,compound case; human review reduces the risk of an incomplete response
629774,"Bought a brand new 32gb iPhone and I click into storage to find 21gb available, I’m going to presume the other 11gb is stuck in the post and will be here shortly yes? @115858",Wed Nov 22 13:56:45 +0000 2017,2,2017-11-22 13:56:45+00:00,2017-11,feature_how_to,False,False,True,False,informational or setup question is safe to auto-handle
734341,"Gracias @AppleSupport @115858 por borrarme dos años de recuerdos, esto no es normal después de largas horas al teléfono. No se si dar gracias",Fri Oct 06 16:50:30 +0000 2017,2,2017-10-06 16:50:30+00:00,2017-10,out_of_scope,False,True,True,True,"non-English input, out of scope for v1 auto-handling"
337028,@AppleSupport My phone got stolen &amp; these scammer people made a fake login to https://t.co/XGH0mSIJq1. Want to DM? Would luv 2 shut m down.,Sat Oct 07 20:27:27 +0000 2017,2,2017-10-07 20:27:27+00:00,2017-10,account_access_security,False,False,True,True,security-sensitive; identity or legitimacy verification may be required
274974,my phones literally been turning on for 14 hours fix this @115858,Sat Nov 25 03:01:53 +0000 2017,2,2017-11-25 03:01:53+00:00,2017-11,software_update_performance,False,False,True,False,routine software troubleshooting is safe to auto-handle
361743,"Even when I try to change some settings in Preview print, it freezes... Come on fix it @115858 https://t.co/VlmHkrTumN",Sun Oct 08 15:37:19 +0000 2017,2,2017-10-08 15:37:19+00:00,2017-10,software_update_performance,False,False,True,False,routine software troubleshooting is safe to auto-handle
711186,So now all of my memories (on the iPhone) are gone......thanks to @AppleSupport,Tue Oct 10 20:53:21 +0000 2017,2,2017-10-10 20:53:21+00:00,2017-10,data_backup_loss,False,False,True,True,significant or potentially irreversible data loss requires human review
415478,"Just spent almost an hour trying to update to iOS 11 and for it to say ""unknown error occurred"" @115858 you suck.",Tue Oct 10 01:15:31 +0000 2017,4,2017-10-10 01:15:31+00:00,2017-10,software_update_performance,False,False,True,False,routine software troubleshooting is safe to auto-handle
449518,@115858 I love surprises but not when my headphones shock me not once but twice :) :) not happy,Thu Nov 30 20:48:37 +0000 2017,2,2017-11-30 20:48:37+00:00,2017-11,hardware_physical,False,False,True,True,physical-device or potential safety issue requires human assessment
495178,@115858 @115725 I’m soo glad I got that @134236 plus watch + cellular. Oh waaaiit my cellular won’t work and doesn’t connect to my network without my phone.  Money well spent? 🤔,Fri Dec 01 17:08:52 +0000 2017,2,2017-12-01 17:08:52+00:00,2017-12,connectivity,False,False,True,False,routine connectivity troubleshooting is safe to auto-handle
701609,@AppleSupport Beyond frustrated that the glass back on my iPhone 8 has cracked. I didn’t even drop it and it’s always had a case on it. You all swore to us that it was durable but clearly that isn’t the case.,Thu Nov 23 15:13:37 +0000 2017,2,2017-11-23 15:13:37+00:00,2017-11,hardware_physical,False,False,True,True,physical-device or potential safety issue requires human assessment
410115,@AppleSupport why is my phone telling me to update apple id settings? when I try the verification fails problem connecting to server 😡,Mon Oct 09 20:18:38 +0000 2017,8,2017-10-09 20:18:38+00:00,2017-10,account_access_security,False,False,True,True,security-sensitive; identity or legitimacy verification may be required
612780,"Help my iPhone is glitching like it’s possessed. Screens freeze, static screens when I scroll. Restarted it and no luck.@AppleSupport",Wed Nov 22 06:22:21 +0000 2017,2,2017-11-22 06:22:21+00:00,2017-11,software_update_performance,False,False,True,False,routine software troubleshooting is safe to auto-handle
152948,@AppleSupport so... my phone continuously says no sim installed ever since I updated. I’m over this.,Fri Nov 24 15:04:05 +0000 2017,2,2017-11-24 15:04:05+00:00,2017-11,connectivity,False,False,True,False,routine connectivity troubleshooting is safe to auto-handle
483169,@115858 your latest OS is terrible. Has made all my devices very slow and my Mac not only did nor downloaded correctly but went down.  What are you doing to fix this? Shocking!!,Fri Dec 01 08:30:30 +0000 2017,2,2017-12-01 08:30:30+00:00,2017-12,software_update_performance,True,False,True,True,compound case; human review reduces the risk of an incomplete response
556965,@AppleSupport what is this? https://t.co/q71XY4UEkx,Sat Dec 02 18:34:38 +0000 2017,4,2017-12-02 18:34:38+00:00,2017-12,other_unclear,False,False,True,False,insufficient detail; ask one clarifying question before routing
735914,"@115858 Your new update has destroyed my iPhone 7 battery life INCLUDING my Apple battery case! Why? 😡 I now want to leave, not upgrade!",Tue Oct 10 07:04:38 +0000 2017,2,2017-10-10 07:04:38+00:00,2017-10,software_update_performance,False,False,True,False,routine software troubleshooting is safe to auto-handle
556067,"My mother f***er of a phone won’t let me press install , my phones gonna restart and everything gone wahhhhhh https://t.co/03EIJ6yX8C",Sat Dec 02 19:33:32 +0000 2017,4,2017-12-02 19:33:32+00:00,2017-12,software_update_performance,False,False,True,False,routine software troubleshooting is safe to auto-handle
898643,Does anyone know what’s going on with iTunes?! @AppleSupport @115948 @115858,Tue Nov 07 18:47:58 +0000 2017,11,2017-11-07 18:47:58+00:00,2017-11,other_unclear,False,False,True,False,insufficient detail; ask one clarifying question before routing
55124,"@AppleSupport Huge down performance on my 6 month old iphone7 with the news ios11, got plenty of issues.",Wed Nov 01 10:47:16 +0000 2017,2,2017-11-01 10:47:16+00:00,2017-11,software_update_performance,False,False,True,False,routine software troubleshooting is safe to auto-handle
174121,@AppleSupport I have a problem with the batteries first my Appel watch and now my iPhone 5c 😔,Fri Nov 24 23:11:28 +0000 2017,2,2017-11-24 23:11:28+00:00,2017-11,hardware_physical,False,False,True,True,physical-device or potential safety issue requires human assessment
723551,@AppleSupport fill so much Irritating 😠 using iOS 11 everywhere got problem..,Fri Oct 06 14:13:06 +0000 2017,2,2017-10-06 14:13:06+00:00,2017-10,software_update_performance,False,False,True,False,routine software troubleshooting is safe to auto-handle
103200,@AppleSupport  dont understand why i just called you to have my phone not working stilll.... thanks so much,Thu Nov 30 17:26:30 +0000 2017,2,2017-11-30 17:26:30+00:00,2017-11,service_complaint,False,False,True,True,a prior service or support experience has already failed the customer
18886,@AppleSupport my Apple Watch has been like this for 2 days any suggestions. Also tried to do a reboot but to no avail. https://t.co/06IgjQuApq,Wed Nov 22 13:03:33 +0000 2017,2,2017-11-22 13:03:33+00:00,2017-11,software_update_performance,False,False,True,False,routine software troubleshooting is safe to auto-handle
710067,@AppleSupport thanks for turning my fully functioning phone into a useless piece of crap with your new update 👍🏼,Tue Oct 10 20:37:46 +0000 2017,2,2017-10-10 20:37:46+00:00,2017-10,software_update_performance,False,False,True,False,routine software troubleshooting is safe to auto-handle
689398,@115858 get your coding team together to fix this shitty update so my phone can stop freezing and glitching,Thu Nov 23 07:31:53 +0000 2017,2,2017-11-23 07:31:53+00:00,2017-11,software_update_performance,False,False,True,False,routine software troubleshooting is safe to auto-handle
662798,@115858 FIX MY NOTE APP.,Thu Nov 23 01:36:15 +0000 2017,8,2017-11-23 01:36:15+00:00,2017-11,software_update_performance,False,False,True,False,routine software troubleshooting is safe to auto-handle
542324,"@AppleSupport Not an issue but when u put a new SIM, go to settings-&gt;AppleID. It asks you to “Uptade” instead of “Update” your trusted phone.",Sat Dec 02 07:43:00 +0000 2017,3,2017-12-02 07:43:00+00:00,2017-12,software_update_performance,False,False,True,False,routine software troubleshooting is safe to auto-handle
589531,@AppleSupport @115858 please can you tell me when my #iPhone will stop crashing after the new update? Should have bought a @1107 brick!,Sun Dec 03 15:09:28 +0000 2017,2,2017-12-03 15:09:28+00:00,2017-12,software_update_performance,False,False,True,False,routine software troubleshooting is safe to auto-handle
487956,Hey @AppleSupport what’s the deal?!? Why the hell should I reset my Apple Watch to pair with my new iPhone? There’s GOT to be another way. Really don’t want to reset my watch guys... https://t.co/cgNx4jCSIW,Fri Dec 01 15:42:59 +0000 2017,2,2017-12-01 15:42:59+00:00,2017-12,feature_how_to,False,False,True,False,informational or setup question is safe to auto-handle
589481,Seems legit 🙄🙄 @115858 @AppleSupport https://t.co/RNS5L3GUQi,Sun Dec 03 15:18:11 +0000 2017,2,2017-12-03 15:18:11+00:00,2017-12,account_access_security,False,False,True,True,security-sensitive; identity or legitimacy verification may be required
688005,"@AppleSupport i love how my iphone suddenly starts acting all glitchy as soon as the new iphone comes out, care to explain? 🤨",Thu Nov 23 05:42:55 +0000 2017,5,2017-11-23 05:42:55+00:00,2017-11,software_update_performance,False,False,True,False,routine software troubleshooting is safe to auto-handle
92656,Always wait. I stupidly didn't. Same problem. @115858 https://t.co/HyqLZTzDbr,Thu Nov 30 13:35:48 +0000 2017,2,2017-11-30 13:35:48+00:00,2017-11,other_unclear,False,False,True,False,insufficient detail; ask one clarifying question before routing
538660,@AppleSupport my iPhone keeps restarting and asking me for Touch ID,Sat Dec 02 04:57:41 +0000 2017,4,2017-12-02 04:57:41+00:00,2017-12,software_update_performance,False,False,True,False,routine software troubleshooting is safe to auto-handle
546540,So my clock wont work and phone keeps turning self on and off every 5-10mins.... any ideas? @115858 @AppleSupport #iPhone6s https://t.co/xh4PllFjYi,Sat Dec 02 10:19:13 +0000 2017,2,2017-12-02 10:19:13+00:00,2017-12,software_update_performance,True,False,True,True,compound case; human review reduces the risk of an incomplete response
793950,Also ever since I updated to iOS 11 the top right corner of my 5s is occasionally unresponsive @115858,Thu Oct 12 08:58:07 +0000 2017,4,2017-10-12 08:58:07+00:00,2017-10,software_update_performance,False,False,True,False,routine software troubleshooting is safe to auto-handle
90560,"So every time I go on YouTube and I watch any kind of video, the video stops like it pauses on its own. Idk if it’s a glitch or something. #apple @AppleSupport I’m guessing it’s from the newest beta.",Thu Nov 30 12:33:34 +0000 2017,2,2017-11-30 12:33:34+00:00,2017-11,software_update_performance,False,False,True,False,routine software troubleshooting is safe to auto-handle
760498,"@AppleSupport just tried the latest ios11 software update on my iPhone 7 and now my phone is stuck on the download screen, can you help???",Wed Oct 11 17:43:07 +0000 2017,4,2017-10-11 17:43:07+00:00,2017-10,software_update_performance,False,False,True,False,routine software troubleshooting is safe to auto-handle
229179,Professionell @115858 . Ich muss jetzt schon das 3. Update für #IOS11 machen. Voll mit Fehlern das Ding! #Iphone #Apple,Wed Oct 11 17:33:14 +0000 2017,2,2017-10-11 17:33:14+00:00,2017-10,out_of_scope,False,True,True,True,"non-English input, out of scope for v1 auto-handling"
484491,@AppleSupport more than several times I have an app just disappear! Send directions how to get it back. This is very frustrating! Thank you,Fri Dec 01 09:41:07 +0000 2017,2,2017-12-01 09:41:07+00:00,2017-12,software_update_performance,False,False,True,False,routine software troubleshooting is safe to auto-handle
946662,@AppleSupport why does my 5s just randomly shut off?,Sat Oct 21 16:27:31 +0000 2017,2,2017-10-21 16:27:31+00:00,2017-10,software_update_performance,False,False,True,False,routine software troubleshooting is safe to auto-handle
622622,@AppleSupport so saddened by the handling of my moms iPhone X preorder. She’s gotten no reason on why her phone is now being shipped back to the warehouse. It was scheduled to be delivered Monday. Now due to the return request from @115858 it’s going to be 10-14 days.,Wed Nov 22 17:14:01 +0000 2017,4,2017-11-22 17:14:01+00:00,2017-11,billing_subscription_purchase,False,False,True,True,"money-sensitive purchase, charge, subscription, or fulfillment issue"
593594,@115858 @AppleSupport do you know why https://t.co/DVQLkBC7uj can't sign me in online?,Sun Dec 03 16:32:52 +0000 2017,2,2017-12-03 16:32:52+00:00,2017-12,account_access_security,False,False,True,True,security-sensitive; identity or legitimacy verification may be required
313015,Weird macOS quirk - I haven't been able to install updates to GarageBand for about a year. It always fails. Only GarageBand. @AppleSupport ?,Fri Oct 06 21:07:40 +0000 2017,4,2017-10-06 21:07:40+00:00,2017-10,software_update_performance,False,False,True,False,routine software troubleshooting is safe to auto-handle
122329,"@115858 @AppleSupport after upgrading to the latest #iOS 11.1.2 on my iPad, going back the home screen by finger swiping up isn’t working and screen tilting orientation change isn’t yet sensitive as before in release 10. Work a little bit please #apple #ios #ipad",Fri Nov 24 00:09:21 +0000 2017,2,2017-11-24 00:09:21+00:00,2017-11,software_update_performance,True,False,True,True,compound case; human review reduces the risk of an incomplete response
537656,@AppleSupport when will the MacOS Twitter app support the larger character count?,Sat Dec 02 04:11:40 +0000 2017,3,2017-12-02 04:11:40+00:00,2017-12,feature_how_to,False,False,True,False,informational or setup question is safe to auto-handle
1000024,I’m so tired of these question mark boxes on my TL. Get your shit together  @115858 @AppleSupport,Fri Nov 03 18:42:35 +0000 2017,2,2017-11-03 18:42:35+00:00,2017-11,software_update_performance,False,False,True,False,routine software troubleshooting is safe to auto-handle
39621,"My whatsapp chats wiped, now it's been backed up with 0 texts - how can I get them all back from previous back ups? @AppleSupport",Wed Nov 01 11:21:40 +0000 2017,2,2017-11-01 11:21:40+00:00,2017-11,data_backup_loss,False,False,True,True,significant or potentially irreversible data loss requires human review
491424,@AppleSupport Your latest ios update just cleared out all of my saved voicemail messages. Thanks.,Fri Dec 01 16:25:18 +0000 2017,2,2017-12-01 16:25:18+00:00,2017-12,data_backup_loss,False,False,True,True,significant or potentially irreversible data loss requires human review
42636,Ey @AppleSupport since I updating my iPhone 8 to iOS 11.1 does not stop restarting!! 😡😞😭 #iOS11 #bug,Wed Nov 01 15:03:57 +0000 2017,4,2017-11-01 15:03:57+00:00,2017-11,software_update_performance,False,False,True,False,routine software troubleshooting is safe to auto-handle
306630,So my iPad just decided it's not gonna turn on or do anything today... wtf @115858 @AppleSupport,Fri Oct 06 20:47:27 +0000 2017,4,2017-10-06 20:47:27+00:00,2017-10,hardware_physical,False,False,True,True,physical-device or potential safety issue requires human assessment
780727,A new generation of iPhone. Now available.,Thu Sep 21 23:36:02 +0000 2017,3,2017-09-21 23:36:02+00:00,2017-09,out_of_scope,False,False,False,False,excluded: not a support request
455001,"@115858 in Monterey is trying to BS me saying they don’t replace charger wires for free. Tf, yeah you do. I’m under warranty",Thu Nov 30 23:28:30 +0000 2017,2,2017-11-30 23:28:30+00:00,2017-11,service_complaint,False,False,True,True,a prior service or support experience has already failed the customer
875099,"Charged my phone all night. Woke up with it at 100%. Fell asleep for an hour, woke up and it was at 1%. Lol. @115858",Fri Oct 20 17:25:19 +0000 2017,4,2017-10-20 17:25:19+00:00,2017-10,software_update_performance,False,False,True,False,routine software troubleshooting is safe to auto-handle
522057,@AppleSupport  BTW I run 11.1.2 manually setting your clock back a few days seem to work but that ain't a real fix.,Sat Dec 02 02:53:12 +0000 2017,2,2017-12-02 02:53:12+00:00,2017-12,software_update_performance,False,False,True,False,routine software troubleshooting is safe to auto-handle
885680,@AppleSupport Almost every single app on my phone is messed up with this new update and I’m not getting notifs. When is this getting fixed?,Fri Oct 13 16:52:50 +0000 2017,2,2017-10-13 16:52:50+00:00,2017-10,software_update_performance,True,False,True,True,compound case; human review reduces the risk of an incomplete response
584658,@AppleSupport my iPhone has logged me out of everything and apparently all my passwords are wrong? Even my at home wifi is apparently wrong? Done all the restart reset crap,Sun Dec 03 09:25:29 +0000 2017,2,2017-12-03 09:25:29+00:00,2017-12,account_access_security,True,False,True,True,security-sensitive; identity or legitimacy verification may be required
452607,"@AppleSupport @115858
The new authentication system doesn't work and I can't access my laptop anymore.
Solve it please! 

#Apple",Thu Nov 30 22:08:32 +0000 2017,2,2017-11-30 22:08:32+00:00,2017-11,account_access_security,False,False,True,True,security-sensitive; identity or legitimacy verification may be required
450392,Hi @AppleSupport is this a scam email? Assuming yes 😳 https://t.co/KTVdxAcIES,Thu Nov 30 21:20:33 +0000 2017,2,2017-11-30 21:20:33+00:00,2017-11,account_access_security,False,False,True,True,security-sensitive; identity or legitimacy verification may be required
292373,@AppleSupport Why has the iOS 11 update slowed my iPhone and iPad down??? 😖,Fri Oct 06 14:47:12 +0000 2017,4,2017-10-06 14:47:12+00:00,2017-10,software_update_performance,False,False,True,False,routine software troubleshooting is safe to auto-handle
872534,@AppleSupport I have a question regarding activating Iphone8 plus one time payment ($799) with other carrier different of AT&amp;T,Fri Oct 13 14:54:22 +0000 2017,4,2017-10-13 14:54:22+00:00,2017-10,feature_how_to,False,False,True,False,informational or setup question is safe to auto-handle
898673,Before 2018 gets here @115858 can you please fix the I️,Tue Nov 07 23:53:48 +0000 2017,2,2017-11-07 23:53:48+00:00,2017-11,software_update_performance,False,False,True,False,routine software troubleshooting is safe to auto-handle
835100,What does that mean?? I’m not trying to send anything... please @6717 @115858 @46228 @118936 https://t.co/EHz1jaDGHM,Fri Sep 29 16:08:55 +0000 2017,6,2017-09-29 16:08:55+00:00,2017-09,software_update_performance,False,False,True,False,routine software troubleshooting is safe to auto-handle
868177,@applesupport 11.0.3 iPhone SE + 11.0.3. Upgraded and bluetooth no longer connects. 3 phones and 3 different BTs.  Can't revert to 10.3.,Fri Oct 13 14:37:39 +0000 2017,6,2017-10-13 14:37:39+00:00,2017-10,connectivity,False,False,True,False,routine connectivity troubleshooting is safe to auto-handle
1016878,@AppleSupport its saying mail is using 1.56GB but I haven't got my email set up? https://t.co/s7jwnqqjNK,Sat Oct 14 15:01:21 +0000 2017,2,2017-10-14 15:01:21+00:00,2017-10,feature_how_to,False,False,True,False,informational or setup question is safe to auto-handle
733381,@115858 get yall shit together. That update fucked up my iohone 7 and its dying faster than it was when I bought it.,Fri Oct 06 16:32:29 +0000 2017,4,2017-10-06 16:32:29+00:00,2017-10,software_update_performance,False,False,True,False,routine software troubleshooting is safe to auto-handle
496876,@AppleSupport what can I do other than restarting my phone and re-logging in to my Apple ID to get my music and TV apps to open? Also can’t access settings-&gt;music because it just freezes.,Fri Dec 01 17:19:49 +0000 2017,6,2017-12-01 17:19:49+00:00,2017-12,software_update_performance,True,False,True,True,compound case; human review reduces the risk of an incomplete response
435838,My Apple Music app won’t work it just keeps crashing since the update but I’m still getting charged ? Wtf @AppleSupport,Tue Oct 10 15:39:10 +0000 2017,2,2017-10-10 15:39:10+00:00,2017-10,billing_subscription_purchase,False,False,True,True,"money-sensitive purchase, charge, subscription, or fulfillment issue"
963715,@AppleSupport please fix this update! Battery life sucks!!,Sat Oct 21 21:07:53 +0000 2017,4,2017-10-21 21:07:53+00:00,2017-10,software_update_performance,False,False,True,False,routine software troubleshooting is safe to auto-handle
97589,"@AppleSupport my Apple Watch is unlocking itself! I put it on my wrist in the morning and it asks for an unlock code, if I don’t enter the code it automatically unlocks itself after a couple of minutes anyway! 😳😳 Any ideas? 🙏",Thu Nov 23 12:50:29 +0000 2017,2,2017-11-23 12:50:29+00:00,2017-11,account_access_security,False,False,True,True,security-sensitive; identity or legitimacy verification may be required
92533,Absolute shock the iPhone 8 &amp; X come out and my 7 starts shutting down on 30% battery @115858 you are dirty eyed boys,Thu Nov 30 13:57:47 +0000 2017,2,2017-11-30 13:57:47+00:00,2017-11,software_update_performance,False,False,True,False,routine software troubleshooting is safe to auto-handle
523869,@AppleSupport why ios 11.1.2 often self rebooting? It back to passcode again,Sat Dec 02 03:33:21 +0000 2017,2,2017-12-02 03:33:21+00:00,2017-12,software_update_performance,False,False,True,False,routine software troubleshooting is safe to auto-handle
1037652,Hey @AppleSupport thanks for bricking my #AppleTV third generation with the latest update.,Mon Oct 23 02:02:14 +0000 2017,2,2017-10-23 02:02:14+00:00,2017-10,software_update_performance,False,False,True,False,routine software troubleshooting is safe to auto-handle
905226,My iPhone 📱 7 has basically been unusable since the update #superweak @115858,Fri Oct 20 23:40:13 +0000 2017,2,2017-10-20 23:40:13+00:00,2017-10,software_update_performance,False,False,True,False,routine software troubleshooting is safe to auto-handle
667835,"@AppleSupport I purchased on iTunes tho I am unable to download it due to space, is it still purchased? I want download it to my Apple iPad when I get it.",Tue Nov 21 19:49:21 +0000 2017,6,2017-11-21 19:49:21+00:00,2017-11,billing_subscription_purchase,False,False,True,True,"money-sensitive purchase, charge, subscription, or fulfillment issue"
1014508,Portrait Lighting on iPhone 8 Plus lets you create dramatic studio lighting effects.,Fri Sep 29 21:43:24 +0000 2017,9,2017-09-29 21:43:24+00:00,2017-09,out_of_scope,False,False,False,False,excluded: not a support request
742292,.@115858 Why is the new #iOS11 update causing my wifi to turn on constantly? cc @116333,Fri Oct 06 22:16:38 +0000 2017,6,2017-10-06 22:16:38+00:00,2017-10,connectivity,False,False,True,False,routine connectivity troubleshooting is safe to auto-handle
519200,@115858  tell me why my iphone6s plus all of a sudden has issues with calibration coincidentally around the same time I updated my phone. My phone was working perfectly until that day. Why?,Sat Dec 02 01:40:12 +0000 2017,4,2017-12-02 01:40:12+00:00,2017-12,software_update_performance,False,False,True,False,routine software troubleshooting is safe to auto-handle
665847,What is going on Apple?? I️ have weird fonts popping up when I️ try to text!!! @AppleSupport,Sat Nov 11 17:43:11 +0000 2017,2,2017-11-11 17:43:11+00:00,2017-11,software_update_performance,False,False,True,False,routine software troubleshooting is safe to auto-handle
41547,@115858 You freaking suck! I just got a brand new phone under warranty because my other one was giving me issues. Now this one is giving me +,Wed Nov 01 14:27:47 +0000 2017,4,2017-11-01 14:27:47+00:00,2017-11,other_unclear,False,False,True,False,insufficient detail; ask one clarifying question before routing
115990,@115858 why is this a Siri suggested website? https://t.co/P7SQKqRIpr,Thu Nov 23 21:03:46 +0000 2017,2,2017-11-23 21:03:46+00:00,2017-11,feature_how_to,False,False,True,False,informational or setup question is safe to auto-handle
333634,@AppleSupport Can you tell me how to fix this? Just updated High Sierra and Finder seems not working. https://t.co/SXB4Wb744z,Tue Oct 03 15:31:10 +0000 2017,3,2017-10-03 15:31:10+00:00,2017-10,software_update_performance,False,False,True,False,routine software troubleshooting is safe to auto-handle
763627,@AppleSupport I got an iphone 6 with straight talk just like my 5....erased all content and tried inserting my sim card but it is saying the carriers dont match. how do i fix this,Wed Oct 11 21:13:36 +0000 2017,6,2017-10-11 21:13:36+00:00,2017-10,connectivity,False,False,True,False,routine connectivity troubleshooting is safe to auto-handle
543701,Anyone else’s #iPhone without prompt mini restarts then shows passcode screen? @AppleSupport every 30 seconds,Sat Dec 02 08:12:21 +0000 2017,2,2017-12-02 08:12:21+00:00,2017-12,software_update_performance,False,False,True,False,routine software troubleshooting is safe to auto-handle
143509,@AppleSupport hello I’ve been trying to get verification code for signing in to my apple ID but I didn’t receive any code. Need help.,Fri Nov 24 04:45:47 +0000 2017,4,2017-11-24 04:45:47+00:00,2017-11,account_access_security,False,False,True,True,security-sensitive; identity or legitimacy verification may be required
720693,@AppleSupport Incredibly annoying in iOS 11! Having to type the whole name of an app to search for it. https://t.co/U8k8nAI1w0,Sat Sep 23 12:11:02 +0000 2017,3,2017-09-23 12:11:02+00:00,2017-09,software_update_performance,False,False,True,False,routine software troubleshooting is safe to auto-handle
446452,@AppleSupport why didn't I get my monthly award for closing my rings each day?,Thu Nov 30 19:27:05 +0000 2017,4,2017-11-30 19:27:05+00:00,2017-11,software_update_performance,False,False,True,False,routine software troubleshooting is safe to auto-handle
289087,hey @AppleSupport fix the ios 11 update so my apps / phone don’t keep FREEZING when i’m using it please it’s killing me thanks xoxo,Fri Oct 06 13:20:19 +0000 2017,2,2017-10-06 13:20:19+00:00,2017-10,software_update_performance,False,False,True,False,routine software troubleshooting is safe to auto-handle
703062,thankful for my broken ass phone. thank you. so much. @115858 #HappyThanksgiving2017,Thu Nov 23 17:04:38 +0000 2017,2,2017-11-23 17:04:38+00:00,2017-11,other_unclear,False,False,True,False,insufficient detail; ask one clarifying question before routing
727094,"@115858 Did you even test iOS 11 before releasing it? Phone freezes all the time, carplay barely works, battery drains.  #ios11update #brick",Sun Sep 24 06:13:38 +0000 2017,5,2017-09-24 06:13:38+00:00,2017-09,software_update_performance,True,False,True,True,compound case; human review reduces the risk of an incomplete response
826419,I updated to iOS 11.0.2 this morning and all day my phone has been freezing and crashing and then restarting by itself 😤 @AppleSupport,Sun Oct 08 21:20:48 +0000 2017,2,2017-10-08 21:20:48+00:00,2017-10,software_update_performance,False,False,True,False,routine software troubleshooting is safe to auto-handle
959710,The new update won’t look or use any of my photos 🙃 @115858,Sat Oct 21 23:55:15 +0000 2017,2,2017-10-21 23:55:15+00:00,2017-10,software_update_performance,False,False,True,False,routine software troubleshooting is safe to auto-handle
902803,@115858 this new update is crap. Nothing works. Can’t open majority of things. Sort it out. Oh and I actually want my texts to send thanks,Thu Nov 02 06:51:55 +0000 2017,2,2017-11-02 06:51:55+00:00,2017-11,software_update_performance,True,False,True,True,compound case; human review reduces the risk of an incomplete response
222989,Lento es el nuevo sistema operativo iOS 11.0.1 @AppleSupport @115858,Thu Oct 05 02:28:26 +0000 2017,2,2017-10-05 02:28:26+00:00,2017-10,out_of_scope,False,True,True,True,"non-English input, out of scope for v1 auto-handling"
566721,@AppleSupport my iPad is frozen. Please HELP!,Sun Dec 03 01:37:24 +0000 2017,2,2017-12-03 01:37:24+00:00,2017-12,software_update_performance,False,False,True,False,routine software troubleshooting is safe to auto-handle
795769,Não to conseguindo baixar nem atualizar nada na App Store 🙄 @AppleSupport,Thu Oct 12 12:25:56 +0000 2017,2,2017-10-12 12:25:56+00:00,2017-10,out_of_scope,False,True,True,True,"non-English input, out of scope for v1 auto-handling"
743491,Bon @AppleSupport quand est-ce que vous corrigez les bugs du clavier depuis votre dernière MAJ là ?? C’est USANT !!! @33657,Wed Oct 11 14:32:52 +0000 2017,2,2017-10-11 14:32:52+00:00,2017-10,out_of_scope,False,True,True,True,"non-English input, out of scope for v1 auto-handling"
1009296,Omg. Do not upgrade your iPhone to the new iOS! What a joke. Everything crashes. @AppleSupport,Sun Oct 22 18:08:05 +0000 2017,4,2017-10-22 18:08:05+00:00,2017-10,software_update_performance,False,False,True,False,routine software troubleshooting is safe to auto-handle
395553,"@AppleSupport i had over 1100 songs on my iphone last week, now i have about 70 wtf is going on ?",Mon Oct 09 16:47:43 +0000 2017,8,2017-10-09 16:47:43+00:00,2017-10,data_backup_loss,False,False,True,True,significant or potentially irreversible data loss requires human review
807380,"Dear @AppleSupport, ongoing battery issues with iPhone 6S running iOS 11.0.2. No indication in 11.0.3 update of a fix. Reported on web b4.",Thu Oct 12 17:52:13 +0000 2017,2,2017-10-12 17:52:13+00:00,2017-10,software_update_performance,False,False,True,False,routine software troubleshooting is safe to auto-handle
613159,@AppleSupport phone batteries will not charge. Switched chargers &amp; cords. 2 iPhones. So it’s not my phone or chargers need a fix. About DONE w/Apple. Switching expensive shit that won’t work. I’ve 2 doing same thing. 5% charging losing battery life,Wed Nov 22 05:01:46 +0000 2017,5,2017-11-22 05:01:46+00:00,2017-11,hardware_physical,False,False,True,True,physical-device or potential safety issue requires human assessment
845571,"@115858 Please fix the glitches from your last iPhone update for example using predictive text shouldn’t be complicated, it was easier before",Fri Oct 13 04:02:00 +0000 2017,9,2017-10-13 04:02:00+00:00,2017-10,software_update_performance,False,False,True,False,routine software troubleshooting is safe to auto-handle
90548,@135595 se supone que todavía está firmada.,Wed Nov 29 07:20:14 +0000 2017,5,2017-11-29 07:20:14+00:00,2017-11,out_of_scope,False,True,True,True,"non-English input, out of scope for v1 auto-handling"
228481,@170466 @170467 @115858 Gotta turn off auto updates. I never had problems with my 6 or 7 plus and my 10 is just fine.,Tue Nov 14 18:14:33 +0000 2017,5,2017-11-14 18:14:33+00:00,2017-11,out_of_scope,False,False,False,False,excluded: not a support request
686902,@AppleSupport Y’all gotta do better with this keyboard situation is still messed up 😒,Thu Nov 23 04:54:21 +0000 2017,2,2017-11-23 04:54:21+00:00,2017-11,software_update_performance,False,False,True,False,routine software troubleshooting is safe to auto-handle
1006080,"@AppleSupport Hi, been having a lot of trouble with my iPhone lately and any help or advice u could give would really help.",Sun Oct 22 18:10:16 +0000 2017,5,2017-10-22 18:10:16+00:00,2017-10,other_unclear,False,False,True,False,insufficient detail; ask one clarifying question before routing
430751,Ever since the new iOS update my front camera doesn’t work. #iPhoneProblems @115858 @AppleSupport,Tue Oct 10 12:10:12 +0000 2017,2,2017-10-10 12:10:12+00:00,2017-10,software_update_performance,False,False,True,False,routine software troubleshooting is safe to auto-handle
610096,"At Apple, we believe privacy is a fundamental human right. Read the latest on our efforts to protect your data: https://t.co/5Nl278U3oy",Thu Sep 28 23:20:48 +0000 2017,3,2017-09-28 23:20:48+00:00,2017-09,out_of_scope,False,False,False,False,excluded: not a support request
301540,@AppleSupport can y’all please fix the music app in the control panel? i have bluetooth headphones and it won’t let me skip songs. https://t.co/iTYcKa5aUK,Fri Oct 06 18:23:59 +0000 2017,6,2017-10-06 18:23:59+00:00,2017-10,software_update_performance,False,False,True,False,routine software troubleshooting is safe to auto-handle
23100,"@AppleSupport, why do I keep getting charged over £20 for anything I buy from iTunes? Bought an album for £4.99 and got charged £20.67. Same thing happened a couple of weeks ago to. Why?! https://t.co/0fIDOKovNP",Sun Nov 26 00:21:44 +0000 2017,3,2017-11-26 00:21:44+00:00,2017-11,billing_subscription_purchase,False,False,True,True,"money-sensitive purchase, charge, subscription, or fulfillment issue"
86999,"In about 8 hours, I had restarted my iPad thrice because the dock keeps on disappearing. It’s getting annoying. @AppleSupport",Tue Nov 28 08:36:07 +0000 2017,9,2017-11-28 08:36:07+00:00,2017-11,software_update_performance,False,False,True,False,routine software troubleshooting is safe to auto-handle
105330,Why I can’t turn my WiFi button on? @AppleSupport,Thu Nov 30 18:21:24 +0000 2017,2,2017-11-30 18:21:24+00:00,2017-11,connectivity,False,False,True,False,routine connectivity troubleshooting is safe to auto-handle
320931,@AppleSupport terrible battery life on the iPhone 8.. if u use iMessage constantly the battery lasts no more than 3-4 hours,Sat Oct 07 02:58:33 +0000 2017,2,2017-10-07 02:58:33+00:00,2017-10,software_update_performance,False,False,True,False,routine software troubleshooting is safe to auto-handle
493608,"Will @115858 ever fix iBooks syncing, it never works 🤦🏻‍♂️",Fri Dec 01 16:35:56 +0000 2017,2,2017-12-01 16:35:56+00:00,2017-12,data_backup_loss,False,False,True,False,data-loss or recovery triage; escalate if standard recovery steps fail
962210,"@AppleSupport bonjour, je n’arrive pas à déconnecter mon compte iCloud de mon ancien iPhone, help https://t.co/zNFNVHmzn1",Wed Oct 11 12:36:55 +0000 2017,2,2017-10-11 12:36:55+00:00,2017-10,out_of_scope,False,True,True,True,"non-English input, out of scope for v1 auto-handling"
234400,Is this real? @115858 @AppleSupport https://t.co/s2XBGRb8BP,Thu Oct 05 04:18:20 +0000 2017,2,2017-10-05 04:18:20+00:00,2017-10,account_access_security,False,False,True,True,security-sensitive; identity or legitimacy verification may be required
284895,Had the misfortune of using my @115858 headphones for the first time and boy was i disappointed. The ones at Dadar station work better.,Fri Oct 06 07:02:42 +0000 2017,2,2017-10-06 07:02:42+00:00,2017-10,hardware_physical,False,False,True,True,physical-device or potential safety issue requires human assessment
487847,"Apple Pay and Wallet is great, however it would be sooo nice to be able to label/name your cards. I can never remember which one I should use for which occasion. @AppleSupport @123857 @116333 https://t.co/7X3IEXULGp",Fri Dec 01 14:13:06 +0000 2017,2,2017-12-01 14:13:06+00:00,2017-12,feature_how_to,False,False,True,False,informational or setup question is safe to auto-handle
174124,Hey @115858 hard pass on updating my iOS until I can reliably type the letter 'I' without it being an unintelligible character. https://t.co/AVY5c8tC6o,Fri Nov 24 23:06:04 +0000 2017,3,2017-11-24 23:06:04+00:00,2017-11,software_update_performance,False,False,True,False,routine software troubleshooting is safe to auto-handle
856115,"@AppleSupport Since I updated to the iOS 11.0.3 my iPhone 7+ is disconnecting on its own from my cellular data, and the battery life is bad",Fri Oct 20 14:59:32 +0000 2017,2,2017-10-20 14:59:32+00:00,2017-10,connectivity,True,False,True,True,compound case; human review reduces the risk of an incomplete response
52983,Anybody else experiencing the @AppleSupport bug where the letter I turning into a weird set of glyphs? #Igate,Wed Nov 01 18:10:57 +0000 2017,2,2017-11-01 18:10:57+00:00,2017-11,software_update_performance,False,False,True,False,routine software troubleshooting is safe to auto-handle
963349,@AppleSupport could you please sort out the music app crashing every hour? So annoying now 😡😩,Sat Oct 14 01:45:03 +0000 2017,4,2017-10-14 01:45:03+00:00,2017-10,software_update_performance,False,False,True,False,routine software troubleshooting is safe to auto-handle
602393,"Winter, the time of year when fraking Touch ID Stops working @AppleSupport https://t.co/9eFO3uS40u",Sun Dec 03 21:49:48 +0000 2017,2,2017-12-03 21:49:48+00:00,2017-12,hardware_physical,False,False,True,True,physical-device or potential safety issue requires human assessment
406628,"@AppleSupport since the new update I can’t make or receive calls, along with a ton of other performance issues. When will this be fixed?",Mon Oct 09 20:46:07 +0000 2017,2,2017-10-09 20:46:07+00:00,2017-10,connectivity,True,False,True,True,compound case; human review reduces the risk of an incomplete response
596869,@AppleSupport estaba muy feliz con mi iphone hasta que por error instale el ios 11. Pensando que podia mejorar instale también las siguientes actualizaciones pero nada mejoró.. ahora mi móvil es lento y consuma mucha batería. Que solución tengo?,Sun Dec 03 18:58:11 +0000 2017,2,2017-12-03 18:58:11+00:00,2017-12,out_of_scope,False,True,True,True,"non-English input, out of scope for v1 auto-handling"
453908,BUG FIXES @AppleSupport https://t.co/deilpYfDOc,Thu Nov 30 22:40:50 +0000 2017,2,2017-11-30 22:40:50+00:00,2017-11,other_unclear,False,False,True,False,insufficient detail; ask one clarifying question before routing
713785,@AppleSupport  app store downloads have been impossibly slow for the last week since iOS11 &amp; I mean impossible,Tue Oct 10 22:31:54 +0000 2017,2,2017-10-10 22:31:54+00:00,2017-10,software_update_performance,False,False,True,False,routine software troubleshooting is safe to auto-handle
565926,Ah so when it’s Apple going to update Xcode with 11.2 support? Updated my iPhone 6s and now can’t build my project for my device. Thanks @AppleSupport,Sun Dec 03 00:47:31 +0000 2017,3,2017-12-03 00:47:31+00:00,2017-12,feature_how_to,False,False,True,False,informational or setup question is safe to auto-handle
145156,"Well I have been facing a problem on @115858 store, which fails to load on my phone. Trying to play @148887 which asks for update after intervals, yet when I open the store, it fails to load. Game works sometimes, asks for update in the other. Please help, @AppleSupport.",Fri Nov 24 06:39:37 +0000 2017,4,2017-11-24 06:39:37+00:00,2017-11,software_update_performance,False,False,True,False,routine software troubleshooting is safe to auto-handle
145201,@AppleSupport suddenly my back camera of iPhone 7 Plus stops working &amp; I called to Apple care.they run diagnostic test &amp; told me your camera sensor is not working.u need to pay for tht,Fri Nov 24 06:10:25 +0000 2017,2,2017-11-24 06:10:25+00:00,2017-11,service_complaint,False,False,True,True,a prior service or support experience has already failed the customer
382962,@AppleSupport when is my “I️” not going to autocorrect to something ridiculous?,Sat Nov 04 06:35:42 +0000 2017,2,2017-11-04 06:35:42+00:00,2017-11,software_update_performance,False,False,True,False,routine software troubleshooting is safe to auto-handle
81988,Okay but why has my iPhone 6 battery been dying 500x faster since installing IOS11?? 🙃 @AppleSupport,Thu Nov 30 04:52:02 +0000 2017,2,2017-11-30 04:52:02+00:00,2017-11,software_update_performance,False,False,True,False,routine software troubleshooting is safe to auto-handle
552067,@AppleSupport i have ios 11.2 but still no apple pay cash???,Sat Dec 02 15:07:07 +0000 2017,3,2017-12-02 15:07:07+00:00,2017-12,feature_how_to,False,False,True,False,informational or setup question is safe to auto-handle
695335,@AppleSupport my iPhone 7 keeps freezing. I have to reboot every time and it happens around 2/3 x a day,Thu Nov 23 12:04:46 +0000 2017,2,2017-11-23 12:04:46+00:00,2017-11,software_update_performance,False,False,True,False,routine software troubleshooting is safe to auto-handle
87009,"Hi, guess you guys need to hire efficient #iOS developers. My phone has been lagging ever since the #ios11 got its new update. @AppleSupport",Thu Nov 30 09:12:22 +0000 2017,2,2017-11-30 09:12:22+00:00,2017-11,software_update_performance,False,False,True,False,routine software troubleshooting is safe to auto-handle
893355,Yo what the fuck is with the new iPhone update? Deleted allllll my music @115858,Fri Oct 20 20:27:08 +0000 2017,2,2017-10-20 20:27:08+00:00,2017-10,data_backup_loss,False,False,True,True,significant or potentially irreversible data loss requires human review
570187,"@115858 my iPhone deleted all my texts except ONE conversation from ONLY today, the rest of my convos w this person r gone. I had texts w my step mom who passed n now they're gone  I'm pissed to say the least stop glitching my phone https://t.co/PrZaUFaRkZ",Sun Dec 03 03:14:20 +0000 2017,2,2017-12-03 03:14:20+00:00,2017-12,data_backup_loss,False,False,True,True,significant or potentially irreversible data loss requires human review
40558,"Hey @115858 just got a fake email from u, telling me someone accessed my iCloud, &amp; if it wasn't me to use a link provided. Just saying 🤦🏼‍♀️",Wed Nov 01 14:18:13 +0000 2017,2,2017-11-01 14:18:13+00:00,2017-11,account_access_security,False,False,True,True,security-sensitive; identity or legitimacy verification may be required
570925,"@AppleSupport I updated to 11.2, but don’t see anything about new Apple Pay cash feature anywhere. Please help",Sun Dec 03 03:49:25 +0000 2017,2,2017-12-03 03:49:25+00:00,2017-12,feature_how_to,False,False,True,False,informational or setup question is safe to auto-handle
568448,"Ja, das sind so Fragen. In der Tat! Was ist denn da los @AppleSupport? Anstrengend! #Xcode #iOS #Developer
https://t.co/ORpAoEoNG0 // @24575 https://t.co/EzpPWDgTps",Sun Dec 03 02:12:05 +0000 2017,5,2017-12-03 02:12:05+00:00,2017-12,out_of_scope,False,True,True,True,"non-English input, out of scope for v1 auto-handling"
92536,@AppleSupport whenever I BUY a song or album on iTunes it first of all  charges me and then tells me I haven't purchased it so I always have to purchase everything multiple times in order to have it in my music and then it'll tell me I can't listen to it because I don't have,Thu Nov 30 14:15:38 +0000 2017,3,2017-11-30 14:15:38+00:00,2017-11,billing_subscription_purchase,False,False,True,True,"money-sensitive purchase, charge, subscription, or fulfillment issue"
9160,I got my phone yesterday and it’s already not charging thanks @115858 🙃,Tue Oct 31 23:54:20 +0000 2017,4,2017-10-31 23:54:20+00:00,2017-10,hardware_physical,False,False,True,True,physical-device or potential safety issue requires human assessment
619360,Had my phone plugged up to the usb in the car.. &amp; while driving i got a slight hint of bbq... looked down and whattayaknow? My phone was smoking. Uh @115858 what exactly is going on?,Wed Nov 22 12:22:25 +0000 2017,2,2017-11-22 12:22:25+00:00,2017-11,hardware_physical,False,False,True,True,physical-device or potential safety issue requires human assessment
643288,"@AppleSupport after updating to the latest iOS 11, phone doesn’t wake from sleep after pressing several times; home button unresponsive.",Thu Oct 05 01:14:13 +0000 2017,4,2017-10-05 01:14:13+00:00,2017-10,software_update_performance,False,False,True,False,routine software troubleshooting is safe to auto-handle
489681,@AppleSupport why did apple killed security in ios 11? An attacker with passcode have total and complete access to phone!,Fri Dec 01 15:25:03 +0000 2017,2,2017-12-01 15:25:03+00:00,2017-12,account_access_security,False,False,True,True,security-sensitive; identity or legitimacy verification may be required
284069,@AppleSupport the new iOS update has killed battery life. It is midday and I’m already at 30% on an iPhone 7 - most of the time on standby,Fri Oct 06 05:32:24 +0000 2017,4,2017-10-06 05:32:24+00:00,2017-10,software_update_performance,False,False,True,False,routine software troubleshooting is safe to auto-handle
146628,@AppleSupport how can i check the battery health on my iphone5? it often shuts down at 30% or so,Fri Nov 24 08:51:36 +0000 2017,2,2017-11-24 08:51:36+00:00,2017-11,feature_how_to,False,False,True,False,informational or setup question is safe to auto-handle
646826,There is no way that we should still be having problems with this “I” 👐🏽 apple you need to get on your shit or we’re all going back to androids @AppleSupport @115858,Wed Nov 22 18:34:22 +0000 2017,4,2017-11-22 18:34:22+00:00,2017-11,software_update_performance,False,False,True,False,routine software troubleshooting is safe to auto-handle
715644,yo @115858 why my phone die as fast as it charges?,Fri Oct 06 01:54:28 +0000 2017,4,2017-10-06 01:54:28+00:00,2017-10,hardware_physical,False,False,True,True,physical-device or potential safety issue requires human assessment
506511,"@AppleSupport I have recovered MAC OS after consultation on apple helpline and Im unable to run photos, plz guide what to do with it. https://t.co/cCJCYX6BRC",Fri Dec 01 21:01:50 +0000 2017,2,2017-12-01 21:01:50+00:00,2017-12,software_update_performance,False,False,True,False,routine software troubleshooting is safe to auto-handle
162872,Checking snapchat stops my music now &amp; that is not ok ☹️ @917 @115858,Fri Nov 24 18:38:12 +0000 2017,6,2017-11-24 18:38:12+00:00,2017-11,software_update_performance,False,False,True,False,routine software troubleshooting is safe to auto-handle
612813,@115858 FIX THESE I’s!!,Wed Nov 22 06:49:02 +0000 2017,2,2017-11-22 06:49:02+00:00,2017-11,software_update_performance,False,False,True,False,routine software troubleshooting is safe to auto-handle
452619,Anyone else having issues with @115858 #iCloud today?,Thu Nov 30 22:10:17 +0000 2017,2,2017-11-30 22:10:17+00:00,2017-11,other_unclear,False,False,True,False,insufficient detail; ask one clarifying question before routing
956384,"@AppleSupport iPhone 6s Plus
Camera, audio output, and video consistently shut down after iOS 11",Wed Oct 11 12:25:22 +0000 2017,2,2017-10-11 12:25:22+00:00,2017-10,software_update_performance,True,False,True,True,compound case; human review reduces the risk of an incomplete response
145284,@AppleSupport what’s happening? https://t.co/4kQdAEaGny,Fri Nov 24 05:05:59 +0000 2017,2,2017-11-24 05:05:59+00:00,2017-11,other_unclear,False,False,True,False,insufficient detail; ask one clarifying question before routing
722947,@AppleSupport @116333 on iPhone 6 with iOS11 I'm facing performance &amp; battery issues. Phone's acting like a sloth while binging battery.,Fri Oct 06 13:42:42 +0000 2017,2,2017-10-06 13:42:42+00:00,2017-10,software_update_performance,True,False,True,True,compound case; human review reduces the risk of an incomplete response
333090,"Hello @AppleSupport is there a bug for this #iOS11 ? Toggle from airplane mode turns on WiFi and Bluetooth

 https://t.co/wVlfwalG6l",Wed Sep 20 03:32:37 +0000 2017,3,2017-09-20 03:32:37+00:00,2017-09,connectivity,False,False,True,False,routine connectivity troubleshooting is safe to auto-handle
864455,"My iPhone isn't working very well since their latest ""update"". What gives @AppleSupport ?",Fri Oct 20 16:13:44 +0000 2017,4,2017-10-20 16:13:44+00:00,2017-10,software_update_performance,False,False,True,False,routine software troubleshooting is safe to auto-handle
553681,@AppleSupport the bug causing all the apps to crash and associated update is not working. can't even get to point of downloading update b/c everything keeps crashing. awesome work.,Sat Dec 02 15:51:50 +0000 2017,2,2017-12-02 15:51:50+00:00,2017-12,software_update_performance,False,False,True,False,routine software troubleshooting is safe to auto-handle
817882,@115858 what’s with the new update breaking my phone!! All of my apps for uni won’t work!!! Come on get it sorted,Sun Oct 08 16:24:19 +0000 2017,2,2017-10-08 16:24:19+00:00,2017-10,software_update_performance,False,False,True,False,routine software troubleshooting is safe to auto-handle
663317,"@AppleSupport love the new update , got some really cool features like everything freezing all the time great job guys",Wed Oct 04 17:45:02 +0000 2017,3,2017-10-04 17:45:02+00:00,2017-10,software_update_performance,False,False,True,False,routine software troubleshooting is safe to auto-handle
817027,@AppleSupport my iPhone 6 battery accuracy has been inaccurate since I downloaded iOS11. It turns off without 20% battery remaining alert,Thu Oct 12 20:40:38 +0000 2017,4,2017-10-12 20:40:38+00:00,2017-10,software_update_performance,False,False,True,False,routine software troubleshooting is safe to auto-handle
599141,yooooo @115858 stop fuckin around and let me connect to my imessage,Sun Dec 03 19:54:10 +0000 2017,2,2017-12-03 19:54:10+00:00,2017-12,connectivity,False,False,True,False,routine connectivity troubleshooting is safe to auto-handle
542326,@AppleSupport my iPhone keeps crashing. Seems to be a worldwide problem on iOS 11.1.2 looking at the online forums. Is there a fix that doesn’t involve changing the date.,Sat Dec 02 07:56:01 +0000 2017,2,2017-12-02 07:56:01+00:00,2017-12,software_update_performance,False,False,True,False,routine software troubleshooting is safe to auto-handle
851747,"Es solo mi iPhone o qué, desde que se actualizo a iOS 11 no me llegan las notificaciones de whatsapp hasta que abro la app! @AppleSupport",Fri Oct 20 05:02:23 +0000 2017,4,2017-10-20 05:02:23+00:00,2017-10,out_of_scope,False,True,True,True,"non-English input, out of scope for v1 auto-handling"
942741,"Dear @115858 
your new update has made my life a million times harder than it needs to be. Fix the bad decisions
Love🖤
Annoyed college kid",Sat Oct 21 07:48:58 +0000 2017,2,2017-10-21 07:48:58+00:00,2017-10,software_update_performance,False,False,True,False,routine software troubleshooting is safe to auto-handle
936184,"@AppleSupport help! got the new iPhone, pics didn't transfer (despite back up) and watch won't pair!",Fri Oct 13 22:51:31 +0000 2017,2,2017-10-13 22:51:31+00:00,2017-10,data_backup_loss,True,False,True,True,compound case; human review reduces the risk of an incomplete response
628019,Am I the only one having issues with #iOS11? @115858 @AppleSupport,Wed Nov 22 12:55:18 +0000 2017,2,2017-11-22 12:55:18+00:00,2017-11,other_unclear,False,False,True,False,insufficient detail; ask one clarifying question before routing
403105,"@AppleSupport The battery issue is so frustrating, suddenly drained from 39% to 4%! What the hell is wrong with 11.0.2?!",Mon Oct 09 19:42:15 +0000 2017,2,2017-10-09 19:42:15+00:00,2017-10,software_update_performance,False,False,True,False,routine software troubleshooting is safe to auto-handle
1021683,@AppleSupport is there anyway I can seriously get this Bluetooth issues fixed already you guys do the dumbest updates and ruins the phone,Sun Oct 22 22:27:51 +0000 2017,2,2017-10-22 22:27:51+00:00,2017-10,connectivity,False,False,True,False,routine connectivity troubleshooting is safe to auto-handle
34641,Now my flash light won’t work and my Touch ID is being temperamental… sort it out @115858 https://t.co/uwh1UM9f3S,Wed Nov 01 01:09:23 +0000 2017,3,2017-11-01 01:09:23+00:00,2017-11,hardware_physical,True,False,True,True,physical-device or potential safety issue requires human assessment
240474,".@AppleSupport iOS11 - when playing podcasts, the lock screen doesn’t show correct play times until paused. Could you log a fault? Thanks.",Wed Sep 27 07:28:07 +0000 2017,12,2017-09-27 07:28:07+00:00,2017-09,software_update_performance,False,False,True,False,routine software troubleshooting is safe to auto-handle
889137,What’s going on with the apple updates? My phone keep closing apps. #mad #Apple @115858,Sat Nov 25 16:04:39 +0000 2017,6,2017-11-25 16:04:39+00:00,2017-11,software_update_performance,False,False,True,False,routine software troubleshooting is safe to auto-handle
550659,@AppleSupport My iPhone is rebooting every 30 second. Understand it’s a date bug. I believe 11.2 update fixes the issue. How do I fix it if my iPhone is not stable enough to download this update?,Sat Dec 02 13:55:39 +0000 2017,2,2017-12-02 13:55:39+00:00,2017-12,software_update_performance,False,False,True,False,routine software troubleshooting is safe to auto-handle
770928,@AppleSupport is this legitimate https://t.co/Uz0JADsfjb,Wed Oct 11 23:47:03 +0000 2017,2,2017-10-11 23:47:03+00:00,2017-10,account_access_security,False,False,True,True,security-sensitive; identity or legitimacy verification may be required
157810,@AppleSupport I’m having lots of issues with Apple Watch not sending messages. Recent issue. Recurring every day. Annoying. Unreliable. Restart not helping either,Fri Nov 24 17:22:11 +0000 2017,4,2017-11-24 17:22:11+00:00,2017-11,connectivity,False,False,True,False,routine connectivity troubleshooting is safe to auto-handle
1018557,Dear @115858 - when I’m on the elliptical- I’m not driving. You should probably fix that. 😂,Thu Oct 12 12:18:29 +0000 2017,2,2017-10-12 12:18:29+00:00,2017-10,software_update_performance,False,False,True,False,routine software troubleshooting is safe to auto-handle
328073,@AppleSupport is my 2 week old Apple Watch sports strap supposed to look like this two weeks after getting it? https://t.co/h9ocOcHX3z,Sat Oct 07 14:51:57 +0000 2017,2,2017-10-07 14:51:57+00:00,2017-10,hardware_physical,False,False,True,True,physical-device or potential safety issue requires human assessment
739397,@AppleSupport since update battery is dying quick. Need help,Fri Oct 06 19:14:30 +0000 2017,2,2017-10-06 19:14:30+00:00,2017-10,software_update_performance,False,False,True,False,routine software troubleshooting is safe to auto-handle
522085,@AppleSupport Trying to backup a new iPhone X gives me a Backup Error -36 in Console. Over 60GB space available on Mac HD. Any idea what is wrong? Thank you.,Sat Dec 02 02:42:13 +0000 2017,6,2017-12-02 02:42:13+00:00,2017-12,data_backup_loss,False,False,True,False,data-loss or recovery triage; escalate if standard recovery steps fail
798869,"@115858 @AppleSupport why when i use the shortcut buttons to turn off bluetooth why does it still stay on, i have to go into the settings to",Thu Oct 12 13:59:20 +0000 2017,4,2017-10-12 13:59:20+00:00,2017-10,connectivity,False,False,True,False,routine connectivity troubleshooting is safe to auto-handle
831302,“I’d argue that iOS 11.0.2 is even worse on battery life. Crazy battery life for 11.0.2!!! Hello  @115858 @AppleSupport,Mon Oct 09 00:30:35 +0000 2017,4,2017-10-09 00:30:35+00:00,2017-10,software_update_performance,False,False,True,False,routine software troubleshooting is safe to auto-handle
998925,Ever since I️ updated my phone it keeps sending question marks in boxes. I️ pay too much $ for this to happen @115858 fix it,Sat Nov 04 14:37:13 +0000 2017,7,2017-11-04 14:37:13+00:00,2017-11,software_update_performance,False,False,True,False,routine software troubleshooting is safe to auto-handle
391712,Well done @115858 your latest update for iPhone wiped all my latest downloads and playlists in music. Top work there 🙄,Mon Oct 09 14:29:44 +0000 2017,2,2017-10-09 14:29:44+00:00,2017-10,data_backup_loss,False,False,True,True,significant or potentially irreversible data loss requires human review
356424,"@AppleSupport @115858 ⌚️query, is the toy story feature animation only or do they talk like Mickey&amp;Minnie?
Thx",Sun Oct 08 07:41:06 +0000 2017,7,2017-10-08 07:41:06+00:00,2017-10,feature_how_to,False,False,True,False,informational or setup question is safe to auto-handle
824074,@AppleSupport I’ve restored from scratch and still battery life is abysmal to say the least.,Sun Oct 08 19:31:14 +0000 2017,2,2017-10-08 19:31:14+00:00,2017-10,software_update_performance,False,False,True,False,routine software troubleshooting is safe to auto-handle
567661,@115858 time cursor not moving from 2.09 when you looking at the player on a locked screen (music’s been played properly just displaying issues)... https://t.co/wgWAHiSLF1,Sun Dec 03 01:43:14 +0000 2017,4,2017-12-03 01:43:14+00:00,2017-12,software_update_performance,False,False,True,False,routine software troubleshooting is safe to auto-handle
599151,"@115858 why every time i plug my iPhone 6s into my MacBook air it just buzzes on and off forever and ever. Literally has never worked maybe twice. I have a couple friends who have encountered similar problems. Please fix, its urgent.",Sun Dec 03 19:50:10 +0000 2017,2,2017-12-03 19:50:10+00:00,2017-12,hardware_physical,False,False,True,True,physical-device or potential safety issue requires human assessment
648550,I updated my Macbook and now it won't open any links sent from iMessage or email. Anyone else had this issue? @AppleSupport,Wed Nov 22 18:53:03 +0000 2017,2,2017-11-22 18:53:03+00:00,2017-11,software_update_performance,False,False,True,False,routine software troubleshooting is safe to auto-handle
333645,@115858 @AppleSupport had the iPhone 8 4 days and a crack has appeared in the middle from the side. No signs of impact anywhere ???,Sat Oct 07 06:55:07 +0000 2017,4,2017-10-07 06:55:07+00:00,2017-10,hardware_physical,False,False,True,True,physical-device or potential safety issue requires human assessment
652241,@115858 @AppleSupport que puedo hacer con el lag del teclado en iOS 11 en un iPhone 6Plus??,Tue Oct 10 17:24:19 +0000 2017,3,2017-10-10 17:24:19+00:00,2017-10,out_of_scope,False,True,True,True,"non-English input, out of scope for v1 auto-handling"
663875,This mix up with iPhone typing is getting so bad that my phone has It on autocorrect. Come on @AppleSupport ??? When are you going to help me out????,Thu Nov 23 02:17:42 +0000 2017,6,2017-11-23 02:17:42+00:00,2017-11,software_update_performance,False,False,True,False,routine software troubleshooting is safe to auto-handle
501525,"@AppleSupport ,@115858 facing problems with 3D Touch on new iPhone X.Tried to solve it by factory resetting but in vain.Please provide support for it.",Fri Dec 01 19:07:25 +0000 2017,4,2017-12-01 19:07:25+00:00,2017-12,hardware_physical,False,False,True,True,physical-device or potential safety issue requires human assessment
184867,@AppleSupport @115858 when are you gonna fix this problem I️ have with typing it would be great if you can let me know,Tue Nov 14 04:07:58 +0000 2017,4,2017-11-14 04:07:58+00:00,2017-11,software_update_performance,False,False,True,False,routine software troubleshooting is safe to auto-handle
689403,Buenos días @115858 habéis arreglado ya mi teléfono? @AppleSupport? ¿Cuánto tiempo más vais a tardar en decirme que no se arregla? Me vais a devolver el dinero?,Thu Nov 23 06:14:23 +0000 2017,5,2017-11-23 06:14:23+00:00,2017-11,out_of_scope,False,True,True,True,"non-English input, out of scope for v1 auto-handling"
284771,@AppleSupport since upgrade to iOS 11 my iPhone 7’s battery life is even worse than before! i can watch the % drop as I’m using my phone! 👎,Mon Sep 25 17:25:39 +0000 2017,6,2017-09-25 17:25:39+00:00,2017-09,software_update_performance,False,False,True,False,routine software troubleshooting is safe to auto-handle
394549,@115858 No more updates for the iPad? Mine is still at 9.3.5 #apple #ipad,Mon Oct 09 16:24:30 +0000 2017,2,2017-10-09 16:24:30+00:00,2017-10,feature_how_to,False,False,True,False,informational or setup question is safe to auto-handle
559195,"I swear @115858 ...if you give me ONE more reason to hate you &amp; your software.  Now my phone shuts off automatically every 70-seconds. And turns back on.  I’ve tried everything, so don’t give me any @AppleSupport.  Just be better.  #SamsungGalaxyS8 #GooglePixel2",Sat Dec 02 21:28:35 +0000 2017,4,2017-12-02 21:28:35+00:00,2017-12,software_update_performance,False,False,True,False,routine software troubleshooting is safe to auto-handle
187425,"@AppleSupport My phone came back from Apple service centre and now, I can’t find any of my Apple Music songs or playlist even after log in.",Thu Sep 28 10:07:21 +0000 2017,3,2017-09-28 10:07:21+00:00,2017-09,data_backup_loss,False,False,True,True,significant or potentially irreversible data loss requires human review
752171,@115858 I do the IOS update and now 6s+ is hella slow and laggy. Come on guys,Sat Oct 07 00:40:41 +0000 2017,2,2017-10-07 00:40:41+00:00,2017-10,software_update_performance,False,False,True,False,routine software troubleshooting is safe to auto-handle
96995,@115858 @AppleSupport the Bluetooth function on my iPhone is super frustrating! I accidentally pressed forget device and now my iPhone is forgetting my wireless headphone forever! I did all reset but still can’t find my device! so frustrating!,Thu Nov 30 16:06:41 +0000 2017,2,2017-11-30 16:06:41+00:00,2017-11,connectivity,False,False,True,False,routine connectivity troubleshooting is safe to auto-handle
543696,"@AppleSupport this is the 3rd time I update my iphone7 cause of ios11 failure, this is worst iOS update ever!! and this time its not fixed by the update.",Sat Dec 02 08:37:35 +0000 2017,2,2017-12-02 08:37:35+00:00,2017-12,software_update_performance,False,False,True,False,routine software troubleshooting is safe to auto-handle
515864,"@AppleSupport Wondering if this is an iOS 11 bug? Whenever I try to 'view' a notification from the lock screen (and it hasn't been unlocked yet), it doesn't go straight to the app. Same issue with the widgets.",Sat Dec 02 00:02:43 +0000 2017,2,2017-12-02 00:02:43+00:00,2017-12,software_update_performance,False,False,True,False,routine software troubleshooting is safe to auto-handle
211313,How do I get my fucking keyboard to go away @AppleSupport like why is it constantly there https://t.co/95UUxlq6RN,Wed Oct 04 18:08:41 +0000 2017,2,2017-10-04 18:08:41+00:00,2017-10,software_update_performance,False,False,True,False,routine software troubleshooting is safe to auto-handle
858922,@115858 I’ve updated my phone and the word is keeps changing to I.S ... why is it doing this? #help #confused #apple #iphone,Fri Oct 13 10:16:40 +0000 2017,4,2017-10-13 10:16:40+00:00,2017-10,software_update_performance,False,False,True,False,routine software troubleshooting is safe to auto-handle
324510,Is t me or is the iPhone somewhat darker now I have updated to ios11? #apple @115858,Sat Oct 07 12:23:15 +0000 2017,2,2017-10-07 12:23:15+00:00,2017-10,software_update_performance,False,False,True,False,routine software troubleshooting is safe to auto-handle
849544,Hi @AppleSupport do I really have to buy a third charger lead for my Mac book Pro at vast cost now second has failed? #amateur,Mon Oct 09 04:45:28 +0000 2017,2,2017-10-09 04:45:28+00:00,2017-10,hardware_physical,False,False,True,True,physical-device or potential safety issue requires human assessment
859189,@AppleSupport Sent you a DM about issues I'm having with the new iOS.,Mon Oct 09 15:05:30 +0000 2017,2,2017-10-09 15:05:30+00:00,2017-10,other_unclear,False,False,True,False,insufficient detail; ask one clarifying question before routing
39646,@AppleSupport все нормально? https://t.co/2FmxTf31rg,Wed Nov 01 14:27:09 +0000 2017,2,2017-11-01 14:27:09+00:00,2017-11,out_of_scope,False,True,True,True,"non-English input, out of scope for v1 auto-handling"
644947,"@AppleSupport Hi. I have an apple 7 plus. Same problem. When im video call, I can not manage the volume while talking. Can you tell me . what is the problem ?",Wed Nov 22 17:34:26 +0000 2017,5,2017-11-22 17:34:26+00:00,2017-11,software_update_performance,False,False,True,False,routine software troubleshooting is safe to auto-handle
101282,Hey @AppleSupport could you make it more impossible and frustrating to get a Genius Bar Reservation for an elderly person? Ridiculous.,Thu Nov 30 16:55:59 +0000 2017,2,2017-11-30 16:55:59+00:00,2017-11,service_complaint,False,False,True,True,a prior service or support experience has already failed the customer
584743,@AppleSupport I am very disappointed with the performance of iOS 11 on my 6 plus.  Constantly freezing up.  Have been a big iPhone supporter for many years but now thinking of changing to android.  Not enough alpha testing on all devices.,Sun Dec 03 08:45:05 +0000 2017,2,2017-12-03 08:45:05+00:00,2017-12,software_update_performance,False,False,True,False,routine software troubleshooting is safe to auto-handle
426717,Hey @AppleSupport please fix this bug #HighSierra #MacOS https://t.co/a5o1tSk171,Tue Oct 10 03:35:08 +0000 2017,2,2017-10-10 03:35:08+00:00,2017-10,software_update_performance,False,False,True,False,routine software troubleshooting is safe to auto-handle
567680,"@115858 If I wanted Bluetooth on, ad put it on. Stop activating it when a switch ma phone on or click off airplane mode. Fucking get this sorted pronto",Sun Dec 03 01:39:08 +0000 2017,4,2017-12-03 01:39:08+00:00,2017-12,connectivity,False,False,True,False,routine connectivity troubleshooting is safe to auto-handle
488051,"Dear @115858. disk dies, disk replaced (along with motherboard). cannot restore from time machine,because it’s a different computer. YOU HAD ONE JOB!!!! backup-&gt;restore!! #fail",Fri Dec 01 13:44:04 +0000 2017,2,2017-12-01 13:44:04+00:00,2017-12,data_backup_loss,False,False,True,True,significant or potentially irreversible data loss requires human review
8568,@115858 wtf y’all got going on with my emojis 😐 I’m seeing boxes and shit,Tue Oct 31 23:42:39 +0000 2017,3,2017-10-31 23:42:39+00:00,2017-10,software_update_performance,False,False,True,False,routine software troubleshooting is safe to auto-handle
942749,".@AppleSupport rep: “Is it showing anything?”
Me: “No, it’s iOS 11, it’s buggy as shit”
Rep: “Mmhmm. Indeed”",Sat Oct 21 06:41:16 +0000 2017,2,2017-10-21 06:41:16+00:00,2017-10,service_complaint,False,False,True,True,a prior service or support experience has already failed the customer
708616,@115858 and @118101 jointly have turned my phone into a very expensive paperweight. Combine a dreadful battery life on ios11 with lack of calls!,Tue Oct 10 18:46:28 +0000 2017,4,2017-10-10 18:46:28+00:00,2017-10,connectivity,True,False,True,True,compound case; human review reduces the risk of an incomplete response
554084,"@AppleSupport I'm having some problems with my IPhone 7, it keeps restarting and showing a black screen with a spinning icon. How do I fix this?",Sat Dec 02 15:54:43 +0000 2017,3,2017-12-02 15:54:43+00:00,2017-12,software_update_performance,False,False,True,False,routine software troubleshooting is safe to auto-handle
939162,Is this from you or a scam please @AppleSupport email is __email__ can send photo privately as got my email address on it. Thanks,Sat Nov 25 10:26:37 +0000 2017,4,2017-11-25 10:26:37+00:00,2017-11,account_access_security,False,False,True,True,security-sensitive; identity or legitimacy verification may be required
761283,@AppleSupport I would like to know why my phone goes from 100-5% in 5 hours if I’m mainly in class and not using it.,Wed Oct 11 20:13:41 +0000 2017,2,2017-10-11 20:13:41+00:00,2017-10,software_update_performance,False,False,True,False,routine software troubleshooting is safe to auto-handle
295385,@AppleSupport I received a questionable email yesterday. Can I email it to you for you to check if it's legit?,Fri Oct 06 15:44:09 +0000 2017,2,2017-10-06 15:44:09+00:00,2017-10,account_access_security,False,False,True,True,security-sensitive; identity or legitimacy verification may be required
285748,@184078 @AppleSupport depuis mise à jour iOS 11 sur iPhone 7 la messagerie vocale visuelle n’est plus disponible ? SFR  l’aurait supprimée,Fri Oct 06 08:23:03 +0000 2017,2,2017-10-06 08:23:03+00:00,2017-10,out_of_scope,False,True,True,True,"non-English input, out of scope for v1 auto-handling"
955014,"I literally put my coat on and the screen has fell out, very disappointed only had it two weeks @115858  @AppleSupport https://t.co/fNYZQq5sJZ",Sat Oct 21 19:49:22 +0000 2017,2,2017-10-21 19:49:22+00:00,2017-10,hardware_physical,False,False,True,True,physical-device or potential safety issue requires human assessment
887151,@115858 fix your damn mail app,Fri Oct 20 21:45:56 +0000 2017,2,2017-10-20 21:45:56+00:00,2017-10,software_update_performance,False,False,True,False,routine software troubleshooting is safe to auto-handle
462001,"@115858 This wouldn't happen if you hadn't got rid of the mag safe adaptor and my $2400 MBP wouldn't had fell on the floor.  F'ing dumbest decision ever :-/
#applefail #bringbackthemagsafe https://t.co/NiFzlZaX2D",Fri Dec 01 02:24:12 +0000 2017,2,2017-12-01 02:24:12+00:00,2017-12,hardware_physical,False,False,True,True,physical-device or potential safety issue requires human assessment
372495,When you do an iOS update and then your phone runs super slow...what the hell did y’all do @AppleSupport?,Sun Oct 08 22:41:19 +0000 2017,2,2017-10-08 22:41:19+00:00,2017-10,software_update_performance,False,False,True,False,routine software troubleshooting is safe to auto-handle
646896,"Always use a genuine @115858 charger they say, it’s safer they say!! Clearly 😡 put my phone on charge, 5 mins later can smell burning and James finds this. Contacted Apple who say the charger is out of warranty so they won’t repair or replace and I should buy a new cord!! 😡😡😡 https://t.co/lSoxmsGBwc",Wed Nov 22 18:22:24 +0000 2017,2,2017-11-22 18:22:24+00:00,2017-11,service_complaint,False,False,True,True,a prior service or support experience has already failed the customer
172975,Geleceğe merhaba deyin. iPhone X satın alın.,Tue Nov 21 15:06:27 +0000 2017,4,2017-11-21 15:06:27+00:00,2017-11,out_of_scope,False,True,True,True,"non-English input, out of scope for v1 auto-handling"
484449,This update ruined my life fyi @115858 https://t.co/FfJl7BGx8O,Fri Dec 01 10:47:43 +0000 2017,2,2017-12-01 10:47:43+00:00,2017-12,other_unclear,False,False,True,False,insufficient detail; ask one clarifying question before routing
892807,Yo @AppleSupport why is my phone battery garbage since the new update?,Fri Oct 13 17:51:10 +0000 2017,10,2017-10-13 17:51:10+00:00,2017-10,software_update_performance,False,False,True,False,routine software troubleshooting is safe to auto-handle
568847,How buggy is iOS 11 on iPhoneX? Mails are literally unreadable with such huge fonts. @115858 https://t.co/JfyrcoodDT,Sat Dec 02 14:13:33 +0000 2017,8,2017-12-02 14:13:33+00:00,2017-12,software_update_performance,False,False,True,False,routine software troubleshooting is safe to auto-handle
543721,@115858 IOS frequent updates fail,Sat Dec 02 08:26:14 +0000 2017,2,2017-12-02 08:26:14+00:00,2017-12,software_update_performance,False,False,True,False,routine software troubleshooting is safe to auto-handle
38645,@AppleSupport my iphone 7 back up would not restore onto my X today. Lost all my text message history and apps as I had to set up from new. Any way I can get them back?,Wed Nov 22 19:09:15 +0000 2017,11,2017-11-22 19:09:15+00:00,2017-11,data_backup_loss,False,False,True,True,significant or potentially irreversible data loss requires human review
52319,@AppleSupport every time “eye” type “eye” it’s turns to I️... HELP!,Wed Nov 01 17:53:05 +0000 2017,5,2017-11-01 17:53:05+00:00,2017-11,software_update_performance,False,False,True,False,routine software troubleshooting is safe to auto-handle
854986,Yoooo @115858 @AppleSupport when are y’all gonna fix this doggone “I” issue? Shit. 🤬,Mon Nov 06 01:12:16 +0000 2017,4,2017-11-06 01:12:16+00:00,2017-11,software_update_performance,False,False,True,False,routine software troubleshooting is safe to auto-handle
556251,"My iPhoneX won't let any application open for more than 20 seconds. the screen keeps lighting on and off and heat up on the bottom of the camera. Any ideas why is this happening?
I can't even contact apple since my iPhoneX won't let me.
@115858 @156470 @140312 @AppleSupport",Sat Dec 02 19:07:32 +0000 2017,4,2017-12-02 19:07:32+00:00,2017-12,hardware_physical,True,False,True,True,physical-device or potential safety issue requires human assessment
822705,@AppleSupport my apple music playlist keep saying this -an operation error occured (-12894) please help,Fri Sep 29 23:01:42 +0000 2017,6,2017-09-29 23:01:42+00:00,2017-09,software_update_performance,False,False,True,False,routine software troubleshooting is safe to auto-handle
543792,@AppleSupport my iPhone keeps restarting - is there a known fix please?? Driving me crazy!!,Sat Dec 02 08:11:10 +0000 2017,2,2017-12-02 08:11:10+00:00,2017-12,software_update_performance,False,False,True,False,routine software troubleshooting is safe to auto-handle
496840,"@115858 ie rip off merchants - wont unlock my phone despite calling for four weeks, visiting an apple store giving proof of ownership and replacement, give a different reason everytime why they can't unlock it! Joke of a company!",Fri Dec 01 17:43:42 +0000 2017,2,2017-12-01 17:43:42+00:00,2017-12,service_complaint,False,False,True,True,a prior service or support experience has already failed the customer
588188,"Hey, @115858! How about releasing an update that DOESN’T kill your battery. My 6 has a ton of great features, and they’re all turned off to save battery life. I lost a percent every 15 seconds this morning CHECKING MY EMAIL! @AppleSupport",Sun Dec 03 13:05:27 +0000 2017,2,2017-12-03 13:05:27+00:00,2017-12,software_update_performance,False,False,True,False,routine software troubleshooting is safe to auto-handle
407504,@AppleSupport Hi. I just sent you a message. Thanks!,Mon Oct 09 21:25:07 +0000 2017,2,2017-10-09 21:25:07+00:00,2017-10,other_unclear,False,False,True,False,insufficient detail; ask one clarifying question before routing
522970,How come every time I type “it” it ends up being”I.T “ ? @AppleSupport,Sat Dec 02 03:21:51 +0000 2017,2,2017-12-02 03:21:51+00:00,2017-12,software_update_performance,False,False,True,False,routine software troubleshooting is safe to auto-handle
23178,@AppleSupport upgraded to 11.1.2 and iTunes Player won’t work on iPhone 7. ANNOYING,Wed Nov 22 11:06:21 +0000 2017,4,2017-11-22 11:06:21+00:00,2017-11,software_update_performance,False,False,True,False,routine software troubleshooting is safe to auto-handle
793989,"@115858 needs to fix this auto brightness, I hate that shit. I like my phone dark and I like saving my battery especially on long work days.",Thu Oct 12 08:06:15 +0000 2017,4,2017-10-12 08:06:15+00:00,2017-10,feature_how_to,False,False,True,False,informational or setup question is safe to auto-handle
556186,@AppleSupport was hoping ios11.2 would fix the significant locations widget..... Still doesn't work. https://t.co/RIeIHitRQI,Sat Dec 02 19:29:43 +0000 2017,2,2017-12-02 19:29:43+00:00,2017-12,software_update_performance,False,False,True,False,routine software troubleshooting is safe to auto-handle
648559,I️ have a 4.82 uber rating so basically I’m a 96/100 person. Basically an A+ type of person for the first 15 minutes you know me,Wed Nov 22 18:57:22 +0000 2017,4,2017-11-22 18:57:22+00:00,2017-11,out_of_scope,False,False,False,False,excluded: not a support request
862947,"Hey @115858 ,today for the first time since 2011 i woke up and my phone turned off by itself @ night.Please fix ios11 or let us go back to 10",Mon Oct 09 16:42:06 +0000 2017,2,2017-10-09 16:42:06+00:00,2017-10,software_update_performance,False,False,True,False,routine software troubleshooting is safe to auto-handle
90233,@AppleSupport #podcast issue on #ios11 https://t.co/JGYm7u6vpT,Thu Nov 30 12:10:59 +0000 2017,10,2017-11-30 12:10:59+00:00,2017-11,software_update_performance,False,False,True,False,routine software troubleshooting is safe to auto-handle
240409,Soooooo... they had another update and I updated and it deleted every song I downloaded from Apple Music! Wtf @115858,Wed Oct 04 12:57:30 +0000 2017,3,2017-10-04 12:57:30+00:00,2017-10,data_backup_loss,False,False,True,True,significant or potentially irreversible data loss requires human review
630145,Aye @115858 this new update keeps crashing my phone 😡,Wed Oct 04 20:11:04 +0000 2017,2,2017-10-04 20:11:04+00:00,2017-10,software_update_performance,False,False,True,False,routine software troubleshooting is safe to auto-handle
399959,My iPhone keeps freezing. Volume button doesn’t work for some reason. Please fix it asap. @AppleSupport #ios1102,Mon Oct 09 17:47:26 +0000 2017,2,2017-10-09 17:47:26+00:00,2017-10,software_update_performance,True,False,True,True,compound case; human review reduces the risk of an incomplete response
236395,"@AppleSupport do you test the software before you lump it into folks? battery useless, can’t send emails and some apps don’t work.  ios11",Thu Oct 05 09:18:19 +0000 2017,2,2017-10-05 09:18:19+00:00,2017-10,software_update_performance,True,False,True,True,compound case; human review reduces the risk of an incomplete response
296447,Showstopper defect in Iphone 6s. Phone hangs when we have more than 5 alarms scheduled @AppleSupport @115858,Mon Sep 04 09:55:19 +0000 2017,7,2017-09-04 09:55:19+00:00,2017-09,software_update_performance,False,False,True,False,routine software troubleshooting is safe to auto-handle
1037087,I have had the @115858 #iPhone 7 plus for 6 months.I dont recommend it. It freezes up and crashes over and over Apps freeze every few minutes,Mon Oct 23 00:49:01 +0000 2017,6,2017-10-23 00:49:01+00:00,2017-10,software_update_performance,False,False,True,False,routine software troubleshooting is safe to auto-handle
686906,@AppleSupport why tf does my phone restart 6 times a day and freezes every hour?!?!? Never again buying ya shit phones,Thu Nov 23 04:42:25 +0000 2017,2,2017-11-23 04:42:25+00:00,2017-11,software_update_performance,False,False,True,False,routine software troubleshooting is safe to auto-handle
290528,@115858 @AppleSupport updated iPhone to new iOS. Now location sharing doesn’t work even with location services clearly on. #bugaboo,Fri Oct 06 13:33:10 +0000 2017,4,2017-10-06 13:33:10+00:00,2017-10,software_update_performance,False,False,True,False,routine software troubleshooting is safe to auto-handle
81982,@AppleSupport What is 'profile' and 'Secure' in iCloud? https://t.co/JqToSmfVv2,Thu Nov 30 04:47:41 +0000 2017,2,2017-11-30 04:47:41+00:00,2017-11,feature_how_to,False,False,True,False,informational or setup question is safe to auto-handle
319973,@applesupport I’m missing several thousand photos after upgrading to iOS 11. Years worth of content. I sure hope you have a solution.,Thu Sep 21 15:45:27 +0000 2017,5,2017-09-21 15:45:27+00:00,2017-09,data_backup_loss,False,False,True,True,significant or potentially irreversible data loss requires human review
639757,@115858 thanks for making my phone suck donkeys nerds. You’re intentionally trying to force everyone to buy the X by f’ng with the software. Dicks.,Wed Nov 22 19:56:41 +0000 2017,2,2017-11-22 19:56:41+00:00,2017-11,other_unclear,False,False,True,False,insufficient detail; ask one clarifying question before routing
766966,Why tf is half my playlist unplayable? Your service is always giving me these issues fix it now before I switch @AppleSupport https://t.co/1sdMEjLnr8,Wed Oct 11 21:58:47 +0000 2017,7,2017-10-11 21:58:47+00:00,2017-10,billing_subscription_purchase,False,False,True,True,"money-sensitive purchase, charge, subscription, or fulfillment issue"
889065,Somebody hacked my Apple account and @115858 ain’t doing nothing to fix it.,Sat Nov 25 16:17:47 +0000 2017,2,2017-11-25 16:17:47+00:00,2017-11,account_access_security,False,False,True,True,security-sensitive; identity or legitimacy verification may be required
339942,"@AppleSupport I have found a problem in the new iOS update. When you turn you airplane mode off, the Bluetooth automatically turns on.",Sat Oct 07 22:26:22 +0000 2017,2,2017-10-07 22:26:22+00:00,2017-10,connectivity,False,False,True,False,routine connectivity troubleshooting is safe to auto-handle
384028,"@AppleSupport im so annoyed right now, got my iphone 2 months ago and updated ios11 and my phone is glitching so much 😤😤😤😤😡",Fri Oct 06 12:46:44 +0000 2017,3,2017-10-06 12:46:44+00:00,2017-10,software_update_performance,False,False,True,False,routine software troubleshooting is safe to auto-handle
335275,stuck in an endless loop of 2-factor auth on apple tv 2nd gen. #epicfail  cc: @115858 https://t.co/ExtDqzb1dT,Sat Oct 07 19:07:31 +0000 2017,2,2017-10-07 19:07:31+00:00,2017-10,account_access_security,False,False,True,True,security-sensitive; identity or legitimacy verification may be required
62275,Downloaded the @115858 iPhone update.  Thought maybe it would correct my phone crashing problem.  Nope. @AppleSupport iPhone still crashing,Wed Nov 01 20:05:41 +0000 2017,2,2017-11-01 20:05:41+00:00,2017-11,software_update_performance,False,False,True,False,routine software troubleshooting is safe to auto-handle
323014,#iOS11 زي الهباب على دماغك يا ابل @115858 @118936 @AppleSupport,Sun Sep 24 15:11:59 +0000 2017,3,2017-09-24 15:11:59+00:00,2017-09,out_of_scope,False,True,True,True,"non-English input, out of scope for v1 auto-handling"
53582,@AppleSupport Hi. I cannot reset the security questions after I logged in my account. What to do? :/,Wed Nov 01 18:30:30 +0000 2017,5,2017-11-01 18:30:30+00:00,2017-11,account_access_security,False,False,True,True,security-sensitive; identity or legitimacy verification may be required
546577,@115858 @1542 #iphone  #iphone7 why it's looks like this.  #buggy @AppleSupport https://t.co/ACQzeK1yHH,Sat Dec 02 10:49:05 +0000 2017,2,2017-12-02 10:49:05+00:00,2017-12,software_update_performance,False,False,True,False,routine software troubleshooting is safe to auto-handle
704490,@AppleSupport I purchased Taylor Swift’s album Reputation and never got an email with a boost code. Any suggestions?,Thu Nov 23 18:09:30 +0000 2017,2,2017-11-23 18:09:30+00:00,2017-11,billing_subscription_purchase,False,False,True,True,"money-sensitive purchase, charge, subscription, or fulfillment issue"
304321,@AppleSupport @115858 OMG!!! I have an iphone 6s+ and it’s so freaking slow and unresponsive with IOS11! WORST.UPDATE.EVER!!!!!!!,Sat Sep 30 06:54:05 +0000 2017,4,2017-09-30 06:54:05+00:00,2017-09,software_update_performance,False,False,True,False,routine software troubleshooting is safe to auto-handle
284453,@AppleSupport @115858 downloaded  macos high seira update 2day bt after update  MacBook pro is nt opening.Showing this prob #macOSHighSierra https://t.co/owIRCLx4CE,Fri Oct 06 05:52:40 +0000 2017,5,2017-10-06 05:52:40+00:00,2017-10,software_update_performance,False,False,True,False,routine software troubleshooting is safe to auto-handle
311509,"My iPhone 7 doesnthave an ""auto call answering"" option but I sick of it auto answering after few rings. How do I stop it?😡😡💚💚 @AppleSupport",Thu Sep 28 13:52:09 +0000 2017,3,2017-09-28 13:52:09+00:00,2017-09,feature_how_to,False,False,True,False,informational or setup question is safe to auto-handle
62225,"Hey @115858 why can’t I see my photos in my albums? They won’t load, And yes I’ve updated my phone twice in the last 24hrs actually..",Wed Nov 01 20:31:16 +0000 2017,4,2017-11-01 20:31:16+00:00,2017-11,data_backup_loss,False,False,True,False,data-loss or recovery triage; escalate if standard recovery steps fail
1021111,@AppleSupport does iOS 11 have  auto fill credit card info when making a purchase?,Sat Oct 14 15:45:46 +0000 2017,2,2017-10-14 15:45:46+00:00,2017-10,feature_how_to,False,False,True,False,informational or setup question is safe to auto-handle
639747,"Update the laptop overnight, I thought. No stress, I thought.

Wake up... wtf is this?! Y’all see this before after updating? @115858 https://t.co/wMogowjUBN",Wed Nov 22 20:01:33 +0000 2017,2,2017-11-22 20:01:33+00:00,2017-11,software_update_performance,False,False,True,False,routine software troubleshooting is safe to auto-handle
148252,"@AppleSupport Why so many bugs on IOS 11 for iPad and iPhone 6. Slow, slow. All is slow. Appstore updates slow and freeze. The IOS 11 is just catastrophic for old devices. The same problems with iPod last version. On iPhone 6, 6 times on 10  Touch-ID don’t works ! I’m hangry",Fri Nov 24 10:01:05 +0000 2017,2,2017-11-24 10:01:05+00:00,2017-11,software_update_performance,True,False,True,True,compound case; human review reduces the risk of an incomplete response
647339,Cómo se hace una captura de pantalla en IOS?? @AppleSupport,Thu Oct 05 03:13:56 +0000 2017,2,2017-10-05 03:13:56+00:00,2017-10,out_of_scope,False,True,True,True,"non-English input, out of scope for v1 auto-handling"
354068,"Wow @AppleSupport iOS 11, what a mess! After 0.2, My 7P still hangs, heats up, battery life is awful, photos are still wacky.",Sun Oct 08 02:56:43 +0000 2017,5,2017-10-08 02:56:43+00:00,2017-10,software_update_performance,True,False,True,True,compound case; human review reduces the risk of an incomplete response
366527,Hey @AppleSupport what’s the matter with #IOS11? Since updated everything is wrong in iPhone 6s+ and so it is in iPad Air🙈😰⚡️#fuckingshit,Sun Oct 08 18:45:45 +0000 2017,2,2017-10-08 18:45:45+00:00,2017-10,software_update_performance,False,False,True,False,routine software troubleshooting is safe to auto-handle
701634,"@AppleSupport Alguien me puede explicar porqué la batería me está durando tan poco? Tengo el 6. Anoche se apagó sin batería, lo he cargado al 100 % y lo he desconectado a las 10 de la mañana, son casi las 17 horas y me queda un 7 %. Con lo que cuestan esto no se debería permitir",Thu Nov 23 15:51:07 +0000 2017,2,2017-11-23 15:51:07+00:00,2017-11,out_of_scope,False,True,True,True,"non-English input, out of scope for v1 auto-handling"
1024325,Flight + AirPods + Breaker = pure enjoyment 🍉,Wed Sep 20 23:23:25 +0000 2017,12,2017-09-20 23:23:25+00:00,2017-09,out_of_scope,False,False,False,False,excluded: not a support request
622625,Why can't i download instagram or Snapchat on my iPad ?!!!! @115858,Wed Nov 22 17:32:21 +0000 2017,4,2017-11-22 17:32:21+00:00,2017-11,software_update_performance,False,False,True,False,routine software troubleshooting is safe to auto-handle
39633,@AppleSupport why is this my screen when I try to make a call. why this happen after the 10th update I’m confused. 💁🏾 https://t.co/jkA8umq3xi,Wed Nov 01 14:15:19 +0000 2017,2,2017-11-01 14:15:19+00:00,2017-11,software_update_performance,False,False,True,False,routine software troubleshooting is safe to auto-handle
898669,Listen here @115858 me needs you to fix this this i situation ASAP or me will have a serious mental breakdown,Tue Nov 07 23:52:34 +0000 2017,2,2017-11-07 23:52:34+00:00,2017-11,software_update_performance,False,False,True,True,emotional-crisis language requires human review
557733,"Sorry, Mr. @115858 Store employee, I WILL stop and correct you when you refer to something as “retarded” and no, I won’t care if you roll your eyes at me. I think @AppleSupport needs to help train their people a little better.",Sat Dec 02 21:09:48 +0000 2017,2,2017-12-02 21:09:48+00:00,2017-12,service_complaint,False,False,True,True,a prior service or support experience has already failed the customer
327103,Why My Phone Trippin Y’all??? 🤔@115858 @ATT,Sat Oct 07 14:29:47 +0000 2017,2,2017-10-07 14:29:47+00:00,2017-10,other_unclear,False,False,True,False,insufficient detail; ask one clarifying question before routing
548057,"@AppleSupport I need your help 😰.
1. My 📱reboots automatically every 5 min (despite resetting / rebooting etc.)
2. I forgot my apple pwd but need to put my old card details in to reset  = I can’t book a Genius Bar appointment. 
What can I do? I really need my phone for work 😱",Sat Dec 02 12:02:28 +0000 2017,2,2017-12-02 12:02:28+00:00,2017-12,account_access_security,True,False,True,True,security-sensitive; identity or legitimacy verification may be required
602400,First this “ I️ “ shit now “ I.T “ wtf @AppleSupport,Sun Dec 03 21:42:19 +0000 2017,2,2017-12-03 21:42:19+00:00,2017-12,software_update_performance,False,False,True,False,routine software troubleshooting is safe to auto-handle
184505,@AppleSupport if iOS11 is your #strangerthings attempt yal just need to quit it. https://t.co/4rqQH8v0L6,Sat Nov 11 06:52:32 +0000 2017,2,2017-11-11 06:52:32+00:00,2017-11,other_unclear,False,False,True,False,insufficient detail; ask one clarifying question before routing
761281,iPhone 8 batteries swelling and breaking out the phone? Fix it @115858,Wed Oct 11 20:16:53 +0000 2017,2,2017-10-11 20:16:53+00:00,2017-10,hardware_physical,False,False,True,True,physical-device or potential safety issue requires human assessment
610285,"@AppleSupport, iOS 11 has caused my 2016 iPad Pro terrible trouble. I can’t connect to home wifi AND it is slow to download and install apps",Wed Oct 04 05:44:19 +0000 2017,2,2017-10-04 05:44:19+00:00,2017-10,software_update_performance,True,False,True,True,compound case; human review reduces the risk of an incomplete response
693680,What’s up with #ios11 the battery drain is absolutely mental! #Apple @AppleSupport,Thu Oct 05 21:01:21 +0000 2017,2,2017-10-05 21:01:21+00:00,2017-10,software_update_performance,False,False,True,False,routine software troubleshooting is safe to auto-handle
570882,@AppleSupport what exactly does the Apple Pencil do? Does it only work on iPad Pro? Does it do everything @115890 ‘s Surface pen do?,Sun Dec 03 04:05:48 +0000 2017,2,2017-12-03 04:05:48+00:00,2017-12,feature_how_to,False,False,True,False,informational or setup question is safe to auto-handle
771737,Just downloaded iOS 11.0.3 and I've had to soft reset twice in 5 minutes. Phone keeps freezing in Whatsapp. @AppleSupport,Thu Oct 12 00:19:54 +0000 2017,2,2017-10-12 00:19:54+00:00,2017-10,software_update_performance,False,False,True,False,routine software troubleshooting is safe to auto-handle
623694,So the @129913 app on my Series 2 Apple Watch has been unusable lately. Can’t track location. This happens every other run pretty much for the last month. Actual run on top. Tracked on bottom. @AppleSupport https://t.co/ilqBkCzf9i,Wed Nov 22 14:44:42 +0000 2017,7,2017-11-22 14:44:42+00:00,2017-11,software_update_performance,False,False,True,False,routine software troubleshooting is safe to auto-handle
430133,Hey @115858 what did iOS11 do to my phone that I don’t get WiFi in my room anymore? #thissucks,Tue Oct 10 11:17:39 +0000 2017,6,2017-10-10 11:17:39+00:00,2017-10,connectivity,False,False,True,False,routine connectivity troubleshooting is safe to auto-handle
570919,@AppleSupport the security update is not showing up on my Mac. I can access all my important passwords just by writing “root” as user. This is nuts,Sun Dec 03 03:50:47 +0000 2017,2,2017-12-03 03:50:47+00:00,2017-12,account_access_security,False,False,True,True,security-sensitive; identity or legitimacy verification may be required
981229,@AppleSupport iPhone 6 does not automatically change over to 4/3G when I leave WiFi zone. I've to set airplane mode on / off before it works,Sun Oct 22 07:40:31 +0000 2017,2,2017-10-22 07:40:31+00:00,2017-10,connectivity,False,False,True,False,routine connectivity troubleshooting is safe to auto-handle
550825,"@AppleSupport can someone tell me why 8,000++ photos are suddenly deleted from my iPhone 6s Plus?",Sat Dec 02 13:19:18 +0000 2017,2,2017-12-02 13:19:18+00:00,2017-12,data_backup_loss,False,False,True,True,significant or potentially irreversible data loss requires human review
550778,@AppleSupport so annoyed my phone has gone off and i wont let me use mobile connection or WIFI to set it up again. fuming,Sat Dec 02 13:26:20 +0000 2017,2,2017-12-02 13:26:20+00:00,2017-12,connectivity,False,False,True,False,routine connectivity troubleshooting is safe to auto-handle
228507,@AppleSupport I still see them boxes after the update. What’s going on fam,Wed Nov 15 04:36:38 +0000 2017,4,2017-11-15 04:36:38+00:00,2017-11,software_update_performance,False,False,True,False,routine software troubleshooting is safe to auto-handle
51665,"Mais um celular com a bateria fodida
@AppleSupport ajuda nois",Wed Nov 01 17:43:47 +0000 2017,2,2017-11-01 17:43:47+00:00,2017-11,out_of_scope,False,True,True,True,"non-English input, out of scope for v1 auto-handling"
437006,I don’t understand why it’s constantly spinning next to my WiFi on the top left of my phone and all my apps are closed @AppleSupport,Tue Oct 10 16:11:05 +0000 2017,2,2017-10-10 16:11:05+00:00,2017-10,software_update_performance,False,False,True,False,routine software troubleshooting is safe to auto-handle
658013,@AppleSupport trying to install apps from the App Store and the just keep buffering and nothing happens,Wed Nov 22 23:15:01 +0000 2017,4,2017-11-22 23:15:01+00:00,2017-11,software_update_performance,False,False,True,False,routine software troubleshooting is safe to auto-handle
885699,@AppleSupport This iOS 11 sucks and I don’t know why it continues to go slow and it freezes all the time it waste way too much of my time https://t.co/BZWSwkWLqg,Fri Oct 13 16:54:19 +0000 2017,2,2017-10-13 16:54:19+00:00,2017-10,software_update_performance,False,False,True,False,routine software troubleshooting is safe to auto-handle
553477,@AppleSupport It looks like photos are disappearing from my Apple Photos / iCloud account - what should I do?!,Sat Dec 02 16:34:36 +0000 2017,2,2017-12-02 16:34:36+00:00,2017-12,data_backup_loss,False,False,True,True,significant or potentially irreversible data loss requires human review
1006120,Answer my this. Why the fuck my phone been tweaking! @115858,Sun Oct 22 18:50:32 +0000 2017,2,2017-10-22 18:50:32+00:00,2017-10,other_unclear,False,False,True,False,insufficient detail; ask one clarifying question before routing
560399,I fucking hate @115858 so much. My phone keeps restarting at random times because i dont want to install the new ios,Sat Dec 02 22:33:10 +0000 2017,4,2017-12-02 22:33:10+00:00,2017-12,software_update_performance,False,False,True,False,routine software troubleshooting is safe to auto-handle
590863,"@115858 Hmmm My watch says goodmorning, but it should say: good afternoon #confused #update https://t.co/SspiWqHE74",Sun Dec 03 16:13:21 +0000 2017,2,2017-12-03 16:13:21+00:00,2017-12,software_update_performance,False,False,True,False,routine software troubleshooting is safe to auto-handle
155985,@AppleSupport I've got a new phone and want to save all my pictures to a pc from iCloud how do I do that?,Fri Nov 24 16:27:07 +0000 2017,7,2017-11-24 16:27:07+00:00,2017-11,feature_how_to,False,False,True,False,informational or setup question is safe to auto-handle
554788,"@AppleSupport we have an iPhone  6s and iPhone 7 that are turning off as though no battery then turning back on after a few minutes, help?",Sat Dec 02 18:17:12 +0000 2017,2,2017-12-02 18:17:12+00:00,2017-12,hardware_physical,False,False,True,True,physical-device or potential safety issue requires human assessment
367937,Se me han desordenado y hecho un lío las fotos con las nueva actualización iOS 😡 @AppleSupport en #iPhone7Plus #help please 😭😭😭,Sun Oct 08 20:06:51 +0000 2017,3,2017-10-08 20:06:51+00:00,2017-10,out_of_scope,False,True,True,True,"non-English input, out of scope for v1 auto-handling"
362061,Uh oh @AppleSupport https://t.co/ywbAUbpdZA,Sun Oct 08 16:11:02 +0000 2017,4,2017-10-08 16:11:02+00:00,2017-10,other_unclear,False,False,True,False,insufficient detail; ask one clarifying question before routing
411458,It really would be nice if my iPhone wasn't glitchy after downloading the new iOS. Thanks @115858 @AppleSupport,Tue Oct 10 00:15:48 +0000 2017,4,2017-10-10 00:15:48+00:00,2017-10,software_update_performance,False,False,True,False,routine software troubleshooting is safe to auto-handle
34670,@AppleSupport my iphones battery drains quickly. any tips. it might just be old though,Wed Nov 01 08:07:29 +0000 2017,2,2017-11-01 08:07:29+00:00,2017-11,hardware_physical,False,False,True,True,physical-device or potential safety issue requires human assessment
97077,"@AppleSupport before the latest iOS update my 16 GB ipad could correctly optimise the iCloud Photo Library storage. But now storage usage of Photos on the iPad is ballooning, making the iPad unusable. Is there any way to flush the locally stores pictures?",Thu Nov 30 15:27:32 +0000 2017,4,2017-11-30 15:27:32+00:00,2017-11,data_backup_loss,False,False,True,False,data-loss or recovery triage; escalate if standard recovery steps fail
583650,"Shout out to @115858 for ruining my perfectly working, smooth running iPhone 6 since iOS 11 was installed.",Sun Dec 03 06:55:24 +0000 2017,2,2017-12-03 06:55:24+00:00,2017-12,software_update_performance,False,False,True,False,routine software troubleshooting is safe to auto-handle
959712,@AppleSupport @115858 mi lap se bloqueó porque alguien intentó entrar a mi cuenta. Tengo que pagar $3mil pesos y llevar el ticket de compra de hace 6 años... es en serio?! Pago porque alguien quiso hackearme y tengo que guardar un ticket por años?!,Sat Oct 21 23:55:03 +0000 2017,2,2017-10-21 23:55:03+00:00,2017-10,out_of_scope,False,True,True,True,"non-English input, out of scope for v1 auto-handling"
568457,I can’t do Apple Pay cash. On my iPhone X iOS 11.2 @115858 @AppleSupport,Sun Dec 03 02:11:35 +0000 2017,3,2017-12-03 02:11:35+00:00,2017-12,feature_how_to,False,False,True,False,informational or setup question is safe to auto-handle
107376,@AppleSupport please help I can’t retrieve a song I downloaded! https://t.co/0U8JeHQQTu,Thu Nov 23 18:48:11 +0000 2017,2,2017-11-23 18:48:11+00:00,2017-11,billing_subscription_purchase,False,False,True,True,"money-sensitive purchase, charge, subscription, or fulfillment issue"
306212,updated to ios11 and my music app doesn’t work. sick of your products falling apart when the news and new updates come out @AppleSupport,Fri Oct 06 20:28:49 +0000 2017,2,2017-10-06 20:28:49+00:00,2017-10,software_update_performance,False,False,True,False,routine software troubleshooting is safe to auto-handle
539855,@AppleSupport I hope you can help me. My Safari and  Spotlight keep on crashing in my Macbook Pro.,Sat Dec 02 05:44:15 +0000 2017,2,2017-12-02 05:44:15+00:00,2017-12,software_update_performance,False,False,True,False,routine software troubleshooting is safe to auto-handle
427835,@AppleSupport I was charged for a subscription that I ended and y’all owe me $15.,Tue Oct 10 06:22:15 +0000 2017,2,2017-10-10 06:22:15+00:00,2017-10,billing_subscription_purchase,False,False,True,True,"money-sensitive purchase, charge, subscription, or fulfillment issue"
407095,@115858 thanks for this most recent useless update.. my phone now has now battery life and charges slow,Mon Oct 09 20:52:24 +0000 2017,2,2017-10-09 20:52:24+00:00,2017-10,software_update_performance,False,False,True,False,routine software troubleshooting is safe to auto-handle
559220,"Elimde ki iPhone 7 📱 ne hale geldi.. 
Aşırı ısınma, kendi kendine kapanma.
Ne yaptın be @115858 @AppleSupport Hiç yakışmadı.",Sat Dec 02 21:17:37 +0000 2017,2,2017-12-02 21:17:37+00:00,2017-12,out_of_scope,False,True,True,True,"non-English input, out of scope for v1 auto-handling"
1002005,"@115858 @AppleSupport Sigo sin ver los beneficios del nuevo IOS... batería se descarga el doble, apps se cuelgan y wifi no funciona bien",Sun Oct 22 16:40:05 +0000 2017,2,2017-10-22 16:40:05+00:00,2017-10,out_of_scope,False,True,True,True,"non-English input, out of scope for v1 auto-handling"
302974,"My 7 been lagging a gang ever since I updated...smh, c’mon @115858",Sat Nov 25 03:25:41 +0000 2017,4,2017-11-25 03:25:41+00:00,2017-11,software_update_performance,False,False,True,False,routine software troubleshooting is safe to auto-handle
244729,"@AppleSupport 
 how long is it safe to charge a mac,iphone,ipad,or ipod  for without lowering  the performance of the device or damaging it?",Tue Sep 12 02:00:33 +0000 2017,6,2017-09-12 02:00:33+00:00,2017-09,feature_how_to,False,False,True,False,informational or setup question is safe to auto-handle
761903,@applesupport never expected such things from Apple ! I am wasting my time and money going there. And you are spoiling your brand image.,Thu Sep 14 07:44:16 +0000 2017,4,2017-09-14 07:44:16+00:00,2017-09,service_complaint,False,False,True,True,a prior service or support experience has already failed the customer
274876,"My phone randomly decided to say I have Zero storage. So I delete 200 pics, 3 apps and 400 emails. Still 0. @115858 QUIT TRYIN ME. IM NOT UPGRADING SHIT",Sat Nov 25 03:19:38 +0000 2017,2,2017-11-25 03:19:38+00:00,2017-11,software_update_performance,False,False,True,False,routine software troubleshooting is safe to auto-handle
552147,@115858 Once again another iOS update has left customers with black screens with spinning circles on them every 2 minutes. I can't even send a text without my phone blacking out! 11.2 update not even available yet. Brilliant.,Sat Dec 02 14:56:06 +0000 2017,4,2017-12-02 14:56:06+00:00,2017-12,software_update_performance,False,False,True,False,routine software troubleshooting is safe to auto-handle
509606,@AppleSupport How do I re-download OS X El Capitan from the store so I can make bootable media to wipe my Mac Pro? You removed it from store,Fri Dec 01 21:32:12 +0000 2017,2,2017-12-01 21:32:12+00:00,2017-12,feature_how_to,False,False,True,False,informational or setup question is safe to auto-handle
727906,Oi @AppleSupport I asked #siri to put an appointment in my calendar for next Tuesday. She booked it for a week on Tuesday. Surely that's wrong? Lucky I caught it. #StupidSiri,Fri Oct 06 15:39:44 +0000 2017,2,2017-10-06 15:39:44+00:00,2017-10,software_update_performance,False,False,True,False,routine software troubleshooting is safe to auto-handle
963362,@AppleSupport el sistema operativo 11.0.3 es una mierda. Arréglenlo rápido. No puedo usar mi celular!!!,Sat Oct 14 02:58:10 +0000 2017,2,2017-10-14 02:58:10+00:00,2017-10,out_of_scope,False,True,True,True,"non-English input, out of scope for v1 auto-handling"
590892,@AppleSupport Good morning! How should one hook up an HDMI monitor to a 2017 iMac? Cheers!,Sun Dec 03 15:42:47 +0000 2017,5,2017-12-03 15:42:47+00:00,2017-12,feature_how_to,False,False,True,False,informational or setup question is safe to auto-handle
1000208,"Seriously @115858 I LITERALLY have trouble doing anything on my 12 month old MacBook Air, transferring files, that'll be two crashes....",Sun Oct 22 16:04:07 +0000 2017,2,2017-10-22 16:04:07+00:00,2017-10,software_update_performance,False,False,True,False,routine software troubleshooting is safe to auto-handle
847711,@AppleSupport What’s the deal with this new iOS update? My iPhone 7 randomly locks when I’m using it and the battery life is worse now!,Mon Oct 09 03:14:59 +0000 2017,2,2017-10-09 03:14:59+00:00,2017-10,software_update_performance,True,False,True,True,compound case; human review reduces the risk of an incomplete response
354528,I got an iPhone 6s less than a year ago and ever since the iPhone 8 came out apps have been crashing and slow 🤔🤔🤔 the fuck @115858,Thu Oct 12 01:03:15 +0000 2017,8,2017-10-12 01:03:15+00:00,2017-10,software_update_performance,False,False,True,False,routine software troubleshooting is safe to auto-handle
542378,@AppleSupport help iPhone restarting every minute - lots of people reporting same thing  -HELP,Sat Dec 02 07:19:37 +0000 2017,2,2017-12-02 07:19:37+00:00,2017-12,software_update_performance,False,False,True,False,routine software troubleshooting is safe to auto-handle
149974,@AppleSupport I can’t set up my new iPhone 8 because it won’t verify iOS 11.1.2. What should I do?,Fri Nov 24 13:11:01 +0000 2017,2,2017-11-24 13:11:01+00:00,2017-11,software_update_performance,False,False,True,False,routine software troubleshooting is safe to auto-handle
41653,"Hey @AppleSupport either your grammar is going down hill, or someone’s gone #phishing https://t.co/8BHfuw5Tdq",Wed Nov 01 12:49:34 +0000 2017,2,2017-11-01 12:49:34+00:00,2017-11,account_access_security,False,False,True,True,security-sensitive; identity or legitimacy verification may be required
553609,"Hey @AppleSupport ever since I updated to iOS 11, my iPhone 6S keeps just kinda shutting down randomly and turning back on immediately. It’s rather annoying. Can you make it stop doing that please",Sat Sep 30 21:06:19 +0000 2017,3,2017-09-30 21:06:19+00:00,2017-09,software_update_performance,False,False,True,False,routine software troubleshooting is safe to auto-handle
310245,@AppleSupport iOS 11 has completely ruined my battery any way to fix it,Fri Oct 06 23:20:51 +0000 2017,2,2017-10-06 23:20:51+00:00,2017-10,software_update_performance,False,False,True,False,routine software troubleshooting is safe to auto-handle
887138,Es enserio ?  Solo utilice mi iPhone 7 Plus 1:00  y la batería se descargo un 90%  @AppleSupport eso pasa con iOS 11 😡,Fri Oct 20 21:50:31 +0000 2017,2,2017-10-20 21:50:31+00:00,2017-10,out_of_scope,False,True,True,True,"non-English input, out of scope for v1 auto-handling"
219651,@AppleSupport I want my podcast to continuously play my episodes without me doing it manually! @115858 #ios11sucks,Thu Oct 05 01:58:08 +0000 2017,2,2017-10-05 01:58:08+00:00,2017-10,feature_how_to,False,False,True,False,informational or setup question is safe to auto-handle
851937,I have an iphone 7 plus and iOS 11 has destroyed my battery life. @115858 @123857 @116333 https://t.co/nGjXhor9Df,Mon Oct 09 13:57:36 +0000 2017,2,2017-10-09 13:57:36+00:00,2017-10,software_update_performance,False,False,True,False,routine software troubleshooting is safe to auto-handle
322674,"Hey @115858 , where is the dock missing??

iOS11 is worst release ever, major problems with Network even after iOS11.2 @AppleSupport https://t.co/Jjw9MRu86t",Sat Oct 07 05:38:24 +0000 2017,2,2017-10-07 05:38:24+00:00,2017-10,software_update_performance,True,False,True,True,compound case; human review reduces the risk of an incomplete response
363397,"I can't upload my videos or pictures directly from my Mac book to @123765

please help me @AppleSupport 🙄 https://t.co/IfFtXMn0qU",Sun Oct 08 16:42:10 +0000 2017,2,2017-10-08 16:42:10+00:00,2017-10,feature_how_to,False,False,True,False,informational or setup question is safe to auto-handle
489690,Why won't my phone update?! There is storage available so what gives @115858,Fri Dec 01 15:24:33 +0000 2017,4,2017-12-01 15:24:33+00:00,2017-12,software_update_performance,False,False,True,False,routine software troubleshooting is safe to auto-handle
543646,"iPhone black screen every few minutes over last few hours? Fix that seems to work is:
Go to Settings &gt; General &gt; Date &amp; Time
Switch off Set Automatically.

I suspect it’s related to time server. Ignore the suggestions about deleting Headspace or Calm.

#iphone #spinning",Sat Dec 02 08:40:18 +0000 2017,3,2017-12-02 08:40:18+00:00,2017-12,software_update_performance,False,False,True,False,routine software troubleshooting is safe to auto-handle
284057,@115858 I CANT TEXT ANYONE CAUSE MY MESSAGE APP IS CRASHING FIX IT NOW,Fri Oct 06 05:32:39 +0000 2017,4,2017-10-06 05:32:39+00:00,2017-10,software_update_performance,False,False,True,False,routine software troubleshooting is safe to auto-handle
105376,dear @AppleSupport my phone screen stays on all the time despite my 30 sec. auto-lock settings - version 11.1.2,Thu Nov 30 18:10:20 +0000 2017,2,2017-11-30 18:10:20+00:00,2017-11,software_update_performance,False,False,True,False,routine software troubleshooting is safe to auto-handle
247560,"Instalé iOS 11. @115858  fatal error! Móvil lento, apps que crashean. Qué pasa? 🤔🤔🤔🤔",Thu Oct 05 15:10:01 +0000 2017,2,2017-10-05 15:10:01+00:00,2017-10,out_of_scope,False,True,True,True,"non-English input, out of scope for v1 auto-handling"
463114,Also @AppleSupport thanks for that security update which crashed my machine in mid recording. Thought Macs weren't supposed to do that. Hmm... https://t.co/47tLkQMMK4,Fri Dec 01 02:40:25 +0000 2017,2,2017-12-01 02:40:25+00:00,2017-12,software_update_performance,False,False,True,False,routine software troubleshooting is safe to auto-handle
864396,@AppleSupport why is there no coverage on iPod Touch after the iOS 11 battery drain? I don’t have an iPhone so help out the people with iPod,Fri Oct 20 16:18:03 +0000 2017,2,2017-10-20 16:18:03+00:00,2017-10,software_update_performance,False,False,True,False,routine software troubleshooting is safe to auto-handle
661527,Really hoping wait times at @115858 at Doncaster aren’t long tomorrow because I can’t see shit on my screen 🤬🤬🤬🤬🤬,Thu Nov 23 01:01:50 +0000 2017,2,2017-11-23 01:01:50+00:00,2017-11,hardware_physical,False,False,True,True,physical-device or potential safety issue requires human assessment
446447,@AppleSupport Podcasts in the iOS Podcast app are perpetually downloading and never finishing. I’m on wi-fi with plenty of storage space. Please help!,Thu Nov 30 19:23:04 +0000 2017,6,2017-11-30 19:23:04+00:00,2017-11,software_update_performance,False,False,True,False,routine software troubleshooting is safe to auto-handle
877752,@AppleSupport How do I search for Notes not in a folder? Trying to figure out how to separate ones that need to be organized from those that don't.,Thu Oct 19 16:19:57 +0000 2017,4,2017-10-19 16:19:57+00:00,2017-10,feature_how_to,False,False,True,False,informational or setup question is safe to auto-handle
805677,@AppleSupport my battery should not be dropping 20% every hour if I’m barely using my phone 📱,Thu Oct 12 16:49:06 +0000 2017,4,2017-10-12 16:49:06+00:00,2017-10,software_update_performance,False,False,True,False,routine software troubleshooting is safe to auto-handle
364082,@AppleSupport eu quero minha bateria de volta! Esse IOS tá drenando as forças dela!!,Sun Oct 08 17:23:41 +0000 2017,2,2017-10-08 17:23:41+00:00,2017-10,out_of_scope,False,True,True,True,"non-English input, out of scope for v1 auto-handling"
924602,@AppleSupport Why am I getting notifications from FaceBook? i don’t even have the app on my device? How do I stop them please? Thanks.,Fri Oct 13 21:23:31 +0000 2017,2,2017-10-13 21:23:31+00:00,2017-10,feature_how_to,False,False,True,False,informational or setup question is safe to auto-handle
764888,Ever since I got #iOS11 my streaming quality has gone to absolute shit. What the hell @115858,Wed Oct 11 21:36:02 +0000 2017,8,2017-10-11 21:36:02+00:00,2017-10,software_update_performance,False,False,True,False,routine software troubleshooting is safe to auto-handle
489643,@AppleSupport @1143 @117128 who is the culprit here?? I’m not able to use the app.,Fri Dec 01 15:49:47 +0000 2017,9,2017-12-01 15:49:47+00:00,2017-12,software_update_performance,False,False,True,False,routine software troubleshooting is safe to auto-handle
174119,@AppleSupport is there anyone around I could talk to re: Apple renew?,Fri Nov 24 23:16:48 +0000 2017,2,2017-11-24 23:16:48+00:00,2017-11,other_unclear,False,False,True,False,insufficient detail; ask one clarifying question before routing
554870,"Dear @AppleSupport @115858 , a 1855-779-5028 has called me more than my mom during holidays! They need to chill!",Sat Dec 02 18:02:37 +0000 2017,2,2017-12-02 18:02:37+00:00,2017-12,account_access_security,False,False,True,True,security-sensitive; identity or legitimacy verification may be required
682019,@115858 can you PUH lease fix these I️t boxes,Wed Nov 08 00:53:30 +0000 2017,5,2017-11-08 00:53:30+00:00,2017-11,software_update_performance,False,False,True,False,routine software troubleshooting is safe to auto-handle
868066,@AppleSupport battery is dying since update please fix this problem,Mon Oct 09 18:26:25 +0000 2017,2,2017-10-09 18:26:25+00:00,2017-10,software_update_performance,False,False,True,False,routine software troubleshooting is safe to auto-handle
31933,Why do my tweets have hashtags and square question marks? I’m updated to the latest iOS 11.1 @115858 fix me. #apple https://t.co/XzauijV1pG,Wed Nov 01 04:01:27 +0000 2017,2,2017-11-01 04:01:27+00:00,2017-11,software_update_performance,False,False,True,False,routine software troubleshooting is safe to auto-handle
21140,"Just watched my #iphone go from 23% battery to 20, then 13, now 9 all in 10 seconds. On low power mode. Wtf.",Wed Nov 22 12:59:10 +0000 2017,6,2017-11-22 12:59:10+00:00,2017-11,software_update_performance,False,False,True,False,routine software troubleshooting is safe to auto-handle
143555,@AppleSupport why is the 6s having a glitch issue with the WiFi on iOS 11.1.2 ? Can’t connect at all,Fri Nov 24 04:29:04 +0000 2017,2,2017-11-24 04:29:04+00:00,2017-11,connectivity,False,False,True,False,routine connectivity troubleshooting is safe to auto-handle
762555,"Since updating my phone I don’t receive WhatsApp notifications until I open the app. @AppleSupport, sort it out. Annoying af. 😒",Wed Oct 11 20:06:37 +0000 2017,8,2017-10-11 20:06:37+00:00,2017-10,software_update_performance,False,False,True,False,routine software troubleshooting is safe to auto-handle
752174,"I hate the latest iOS update. So buggy, keeps freezing and so slow! I wish I could go back @AppleSupport @115858",Sat Oct 07 00:33:58 +0000 2017,4,2017-10-07 00:33:58+00:00,2017-10,software_update_performance,False,False,True,False,routine software troubleshooting is safe to auto-handle
335284,"@AppleSupport MacBook Pro won’t turn on, tried disconnecting the battery and powering via Mac safe cable...still nothing #help",Sat Oct 07 19:01:09 +0000 2017,2,2017-10-07 19:01:09+00:00,2017-10,hardware_physical,False,False,True,True,physical-device or potential safety issue requires human assessment
161237,I’m tired of this bitch turning off and freezing all the fucking time. Wtf  @115858,Fri Nov 24 18:41:26 +0000 2017,2,2017-11-24 18:41:26+00:00,2017-11,software_update_performance,False,False,True,False,routine software troubleshooting is safe to auto-handle
902805,"Yo, Apple...fix your shit.

Anytime I type “I”, it autocorrects to “I️”.

@AppleSupport",Thu Nov 02 06:58:29 +0000 2017,2,2017-11-02 06:58:29+00:00,2017-11,software_update_performance,False,False,True,False,routine software troubleshooting is safe to auto-handle
462025,@AppleSupport @115858 When is the CF and Developer Tools sourcecode ever gonna be released for latest versions on https://t.co/DfzWMTGBfL ?????? I email and never get a response.,Fri Dec 01 02:20:05 +0000 2017,2,2017-12-01 02:20:05+00:00,2017-12,feature_how_to,False,False,True,False,informational or setup question is safe to auto-handle
514742,@115858 y my phone always fucking up since the update?,Fri Dec 01 23:53:09 +0000 2017,2,2017-12-01 23:53:09+00:00,2017-12,software_update_performance,False,False,True,False,routine software troubleshooting is safe to auto-handle
368793,.@115858 I’ve had to hard restart my phone 3 times since updating to iOS 11.0.2 can you please fix your shit,Sun Oct 08 20:39:46 +0000 2017,3,2017-10-08 20:39:46+00:00,2017-10,software_update_performance,False,False,True,False,routine software troubleshooting is safe to auto-handle
503599,"@AppleSupport 
I open two Chrome windows, A &amp; B
Focus A
Command+Tab to Terminal
Command+Tab to Chrome
Now B is focused instead of A
How to go easily back and forth between Chrome A and Terminal?
Current behavior makes no sense!",Fri Dec 01 19:27:58 +0000 2017,5,2017-12-01 19:27:58+00:00,2017-12,feature_how_to,False,False,True,False,informational or setup question is safe to auto-handle
776129,"@116333 @AppleSupport every other day there are new bugs in stable iOS11, what's wrong with you guys? #ios11bugs #ios11bug #ios11problems https://t.co/9vW36ZUmM9",Sun Sep 24 22:47:30 +0000 2017,4,2017-09-24 22:47:30+00:00,2017-09,software_update_performance,False,False,True,False,routine software troubleshooting is safe to auto-handle
682076,"@115858 have defiantly been bugging with my phone because since the iPhone X has come out, my phones been moving like a dickhead",Wed Nov 08 11:51:35 +0000 2017,2,2017-11-08 11:51:35+00:00,2017-11,software_update_performance,False,False,True,False,routine software troubleshooting is safe to auto-handle
711678,@AppleSupport Ever since my iPhone 6 Plus automatically updated to IOS 11.0.2 it has been wigging out and every app is buggy. What is up?!?,Tue Oct 10 21:08:17 +0000 2017,2,2017-10-10 21:08:17+00:00,2017-10,software_update_performance,False,False,True,False,routine software troubleshooting is safe to auto-handle
234627,"Hey @115858 @AppleSupport is iOS 11 purposely designed to totally mess up your phone or is that just me and everyone else I know? Lmk, thx.",Thu Oct 05 04:29:41 +0000 2017,4,2017-10-05 04:29:41+00:00,2017-10,software_update_performance,False,False,True,False,routine software troubleshooting is safe to auto-handle
458412,@AppleSupport my laptop does this after I restart it as it’s turning on for about 15 seconds and then turns on like normal https://t.co/IMsLh6cblM,Fri Dec 01 00:47:27 +0000 2017,2,2017-12-01 00:47:27+00:00,2017-12,software_update_performance,False,False,True,False,routine software troubleshooting is safe to auto-handle
657742,"Hey @AppleSupport :After the #ios #ios11 #mess that is destroying my #iPhone,I wanna #downgrade to #ios10 .3.3 but u disabled that certi?",Thu Oct 05 07:34:43 +0000 2017,3,2017-10-05 07:34:43+00:00,2017-10,feature_how_to,False,False,True,False,informational or setup question is safe to auto-handle
281879,@AppleSupport my 7plus keeps freezing since I updated to iOS11. I have to keep restarting it. This is not good.,Thu Sep 28 00:48:16 +0000 2017,6,2017-09-28 00:48:16+00:00,2017-09,software_update_performance,False,False,True,False,routine software troubleshooting is safe to auto-handle
522960,@AppleSupport hi my iPhone crashing every app I open in 10 minutes I restart the phone twice already please help,Sat Dec 02 03:27:57 +0000 2017,2,2017-12-02 03:27:57+00:00,2017-12,software_update_performance,False,False,True,False,routine software troubleshooting is safe to auto-handle
215329,"@AppleSupport GET YOUR FUCKING SHIT TOGETHER, MY PHONES BEEN WEIRD SINCE THE UPDATE. 
AND NO IM NOT BUYING THE NEW IPHONE",Thu Oct 05 00:51:08 +0000 2017,4,2017-10-05 00:51:08+00:00,2017-10,software_update_performance,False,False,True,False,routine software troubleshooting is safe to auto-handle
302269,This is a $2000 laptop that just freezes for the fun of it. cc: @AppleSupport https://t.co/5CbS9yA45W,Fri Oct 06 18:43:27 +0000 2017,6,2017-10-06 18:43:27+00:00,2017-10,software_update_performance,False,False,True,False,routine software troubleshooting is safe to auto-handle
463107,My iPhone X is already broken after like three weeks. It just turned off and never turned back on. KAY COOL @115858 Glad I'm insured.,Fri Dec 01 02:39:50 +0000 2017,3,2017-12-01 02:39:50+00:00,2017-12,hardware_physical,False,False,True,True,physical-device or potential safety issue requires human assessment
619364,I have no problem with my iPhone doing the glitch with I. It doesn’t happen to me. There’s a new glitch tho and it’s annoying as hell! This makes no fucking sense!!! @AppleSupport https://t.co/B5rvKPEWSH,Wed Nov 22 12:04:46 +0000 2017,2,2017-11-22 12:04:46+00:00,2017-11,software_update_performance,False,False,True,False,routine software troubleshooting is safe to auto-handle
236401,@AppleSupport - latest iOS is draining battery life doesn't last a day. #apple This happens annually just before a new phone announcements.,Thu Oct 05 08:37:47 +0000 2017,4,2017-10-05 08:37:47+00:00,2017-10,software_update_performance,False,False,True,False,routine software troubleshooting is safe to auto-handle
550693,@115858 my iPhone won’t stop rebooting every 30 seconds! Driving me insane!!,Sat Dec 02 14:11:39 +0000 2017,4,2017-12-02 14:11:39+00:00,2017-12,software_update_performance,False,False,True,False,routine software troubleshooting is safe to auto-handle
689370,Is anyone else’s Touch ID not working after iOS 11.1.2 update? #apple #iphone #update @AppleSupport,Thu Nov 23 07:49:42 +0000 2017,2,2017-11-23 07:49:42+00:00,2017-11,software_update_performance,False,False,True,False,routine software troubleshooting is safe to auto-handle
842487,Has anyone else had issues w/ their volume buttons with #iOS11 ? Mine seem to only work whenever the fuck they want to. @115858,Fri Oct 20 07:02:24 +0000 2017,2,2017-10-20 07:02:24+00:00,2017-10,software_update_performance,False,False,True,False,routine software troubleshooting is safe to auto-handle
982072,@115858 the new iOS update has really messed up my phone. Is there a new one coming to fix this?,Sun Oct 22 08:28:10 +0000 2017,2,2017-10-22 08:28:10+00:00,2017-10,software_update_performance,False,False,True,False,routine software troubleshooting is safe to auto-handle
587009,@AppleSupport What happens if someone sends me money via iMessage with Apple Pay Cash and I don’t have Apple Pay set up with a card?,Sun Dec 03 11:54:08 +0000 2017,2,2017-12-03 11:54:08+00:00,2017-12,feature_how_to,False,False,True,False,informational or setup question is safe to auto-handle
325346,@115858 @AppleSupport @116333 Any update on the wishlist? I had 60+ apps (can't remember them all!) in there and also want to add new ones.,Sat Sep 23 16:01:11 +0000 2017,3,2017-09-23 16:01:11+00:00,2017-09,data_backup_loss,False,False,True,True,significant or potentially irreversible data loss requires human review
512535,@115858 @118936 @118721 @AppleSupport I don’t understand why my purchase ain’t working I need It fixed or I’m finna blow y’all notifications up you decide!,Fri Dec 01 22:42:11 +0000 2017,4,2017-12-01 22:42:11+00:00,2017-12,billing_subscription_purchase,False,False,True,True,"money-sensitive purchase, charge, subscription, or fulfillment issue"
1034183,"@116333 Hey, this new version of iTunes is missing stuff. Like an easy way to manage apps and ringtones. Restore the functionality please.",Mon Sep 18 22:51:02 +0000 2017,3,2017-09-18 22:51:02+00:00,2017-09,feature_how_to,False,False,True,False,informational or setup question is safe to auto-handle
346754,@AppleSupport I think I downloaded a virus on my #MacBookPro. How do I get rid of MegaBackup?It is in Launchpad. Can I use #NortonAntiVirus?,Sun Oct 08 02:10:59 +0000 2017,2,2017-10-08 02:10:59+00:00,2017-10,account_access_security,False,False,True,True,security-sensitive; identity or legitimacy verification may be required
631883,"@115858, what are you doing? Weird #ios bug? #easteregg https://t.co/twyypWFvVH",Wed Nov 22 15:08:01 +0000 2017,3,2017-11-22 15:08:01+00:00,2017-11,software_update_performance,False,False,True,False,routine software troubleshooting is safe to auto-handle
553564,Hi @115858 @AppleSupport I didn’t subscribe to @25269 hooq_sg. Please clarify if this email is LEGIT. https://t.co/J9Cm687Lft,Sat Dec 02 16:21:54 +0000 2017,2,2017-12-02 16:21:54+00:00,2017-12,account_access_security,False,False,True,True,security-sensitive; identity or legitimacy verification may be required
594657,First iPhones messed up “I” now it’s “I.T” come on @115858,Sun Dec 03 17:37:42 +0000 2017,2,2017-12-03 17:37:42+00:00,2017-12,software_update_performance,False,False,True,False,routine software troubleshooting is safe to auto-handle
143563,"Help @AppleSupport since the 11.2 update, I’m having issues with some calls I make and receive: I can hear but the other person on call can’t hear me. Previous to the 11.3 update, my calls would sometimes cancel a second after connecting.",Wed Nov 22 10:35:35 +0000 2017,8,2017-11-22 10:35:35+00:00,2017-11,software_update_performance,True,False,True,True,compound case; human review reduces the risk of an incomplete response
901580,So iOS 11 sucks so bad I’m considering android. @115858 give me my battery back!,Fri Oct 20 22:43:27 +0000 2017,2,2017-10-20 22:43:27+00:00,2017-10,software_update_performance,False,False,True,False,routine software troubleshooting is safe to auto-handle
431366,"Maps shootout: @115858 in the left corner, @122986 in the right. Go! @200998 wins by 16 hours!!! https://t.co/Q0vdeUTFdI",Tue Oct 10 05:17:03 +0000 2017,2,2017-10-10 05:17:03+00:00,2017-10,out_of_scope,False,False,False,False,excluded: not a support request
898645,I love when my phone randomly just stops working 😍😍 thanks @115858,Tue Nov 07 23:55:07 +0000 2017,2,2017-11-07 23:55:07+00:00,2017-11,other_unclear,False,False,True,False,insufficient detail; ask one clarifying question before routing
566765,"I’m having issues with my iMessages, I’ve taken out my sim and put it back in and still isn’t letting me send messages nether get them. @AppleSupport",Sun Dec 03 01:14:36 +0000 2017,4,2017-12-03 01:14:36+00:00,2017-12,connectivity,False,False,True,False,routine connectivity troubleshooting is safe to auto-handle
241464,Dear @115858 . iOS 11 is fucking up my iPhone 6S Plus. Have never experienced so much software shittiness on iPhone in 2 years of ownership,Mon Oct 09 10:50:05 +0000 2017,3,2017-10-09 10:50:05+00:00,2017-10,software_update_performance,False,False,True,False,routine software troubleshooting is safe to auto-handle
521310,"Erm, @AppleSupport my Air is crashing almost every hour now and drains🔋big time after installing the security patch. What's that about?",Sat Dec 02 02:16:21 +0000 2017,2,2017-12-02 02:16:21+00:00,2017-12,software_update_performance,True,False,True,True,compound case; human review reduces the risk of an incomplete response
170358,Uh oh I’m having iPhone X issues. Let’s hope you can fix this @115858.,Fri Nov 24 21:33:30 +0000 2017,3,2017-11-24 21:33:30+00:00,2017-11,other_unclear,False,False,True,False,insufficient detail; ask one clarifying question before routing
13211,@AppleSupport what is happening with my phone??? I️ wrote “I️ got” and that happened https://t.co/V9oKSSZKGQ,Wed Nov 01 01:32:42 +0000 2017,2,2017-11-01 01:32:42+00:00,2017-11,software_update_performance,False,False,True,False,routine software troubleshooting is safe to auto-handle
617175,@115858 bought a MacBook Pro 6 weeks ago. It was faulty straight out of the box. Just had it exchanged and the new one is also faulty. Shit,Wed Nov 22 08:47:32 +0000 2017,2,2017-11-22 08:47:32+00:00,2017-11,hardware_physical,False,False,True,True,physical-device or potential safety issue requires human assessment
242511,"@AppleSupport Hello, team! is there any way I can wipe “Other” from my storage? And y do photos not offload to iCloud to save phone space? https://t.co/zQ3h9pZdZw",Wed Sep 27 06:12:23 +0000 2017,6,2017-09-27 06:12:23+00:00,2017-09,data_backup_loss,True,False,True,True,compound case; human review reduces the risk of an incomplete response
58197,@115858 I️ CANT FUNCTION WITH MY I’s NOT WORKING FIX THIS.,Wed Nov 01 19:37:59 +0000 2017,2,2017-11-01 19:37:59+00:00,2017-11,software_update_performance,False,False,True,False,routine software troubleshooting is safe to auto-handle
657693,Dear @115858 pls tell Siri that there is some kind of misunderstanding. This is not our anthem. https://t.co/LN2Usj7C5D,Wed Oct 04 19:49:23 +0000 2017,3,2017-10-04 19:49:23+00:00,2017-10,software_update_performance,False,False,True,False,routine software troubleshooting is safe to auto-handle
627965,Thanks @AppleSupport for not calling me back Case ID: 100357913862. You got me money but no support !! How about customer service get off their backsides and do what they said and call back !! #apple #unreliable #poorservice,Wed Nov 22 13:11:24 +0000 2017,2,2017-11-22 13:11:24+00:00,2017-11,service_complaint,False,False,True,True,a prior service or support experience has already failed the customer
716502,@AppleSupport When playing CoC and I open control center the screen go black and the circling icon shows up and I’m back at the lock screen,Fri Oct 06 04:02:51 +0000 2017,5,2017-10-06 04:02:51+00:00,2017-10,software_update_performance,False,False,True,False,routine software troubleshooting is safe to auto-handle
481756,@AppleSupport if I close my MacBook will it still update,Fri Dec 01 05:46:33 +0000 2017,2,2017-12-01 05:46:33+00:00,2017-12,feature_how_to,False,False,True,False,informational or setup question is safe to auto-handle
119526,"@AppleSupport ""we're here to provide tips, tricks and helpful information"" ok so can you help me then?",Thu Nov 23 22:16:49 +0000 2017,2,2017-11-23 22:16:49+00:00,2017-11,other_unclear,False,False,True,False,insufficient detail; ask one clarifying question before routing
463943,@AppleSupport I Bought the iPhone X Today &amp; My Phone Won’t Charge Pass 4%. Had it On the Charger For 2 Hours,Fri Dec 01 02:57:31 +0000 2017,4,2017-12-01 02:57:31+00:00,2017-12,hardware_physical,False,False,True,True,physical-device or potential safety issue requires human assessment
703079,"@AppleSupport it just gets worse after each upgrade.  Battery drain is horrible, random reboots, taken to talk-to-text since lag is so bad.",Thu Nov 23 16:50:14 +0000 2017,2,2017-11-23 16:50:14+00:00,2017-11,software_update_performance,True,False,True,True,compound case; human review reduces the risk of an incomplete response
548114,Hey @AppleSupport my phone keeps going black every 3 min with a loading wheel in the middle then asking for a passcode after 30 seconds just installed the new update. ?? It won’t stop! Please help,Sat Dec 02 11:13:17 +0000 2017,3,2017-12-02 11:13:17+00:00,2017-12,software_update_performance,False,False,True,False,routine software troubleshooting is safe to auto-handle
910520,"@115858 why are my phone calls and texts going to my coworkers Fitbit? Never synced, hell, I haven’t owned I Fitbit since 2012?!",Fri Oct 13 19:52:02 +0000 2017,4,2017-10-13 19:52:02+00:00,2017-10,connectivity,False,False,True,False,routine connectivity troubleshooting is safe to auto-handle
646846,@AppleSupport So the home button on my brand new iPhone 8 plus stopped working! Great! No Apple store close to me has availability to help me until Monday of next week!  WOW! @115858  Now I get to spend the holiday break out of town with no functioning phone.,Wed Nov 22 18:18:19 +0000 2017,2,2017-11-22 18:18:19+00:00,2017-11,hardware_physical,False,False,True,True,physical-device or potential safety issue requires human assessment
506507,@127271 we bought a new @115858 charger for our Mac from you in August and @18941 just confirmed that it’s faulty and the reason our Mac won’t charge - any chance we’ll be able to exchange it with receipt?,Fri Dec 01 20:56:36 +0000 2017,2,2017-12-01 20:56:36+00:00,2017-12,hardware_physical,False,False,True,True,physical-device or potential safety issue requires human assessment
382491,Dog what are these question marks in my tweet? @115858,Mon Nov 06 16:20:52 +0000 2017,3,2017-11-06 16:20:52+00:00,2017-11,software_update_performance,False,False,True,False,routine software troubleshooting is safe to auto-handle
545255,@AppleSupport what is happening to my phone? Keeps crashing and draining my battery! Help,Sat Dec 02 09:30:06 +0000 2017,4,2017-12-02 09:30:06+00:00,2017-12,software_update_performance,True,False,True,True,compound case; human review reduces the risk of an incomplete response
908110,Thank @115858 for the update that causes my phone to go from 100% to 35% over night with only 2 notifications... (11:30pm-6:30am)#ios11,Tue Oct 10 11:53:07 +0000 2017,2,2017-10-10 11:53:07+00:00,2017-10,software_update_performance,False,False,True,False,routine software troubleshooting is safe to auto-handle
39628,@AppleSupport upgraded to iOS 11.1 today from 11.03 and iMessage has stopped working and will not activate. Suggestions?,Wed Nov 01 12:07:11 +0000 2017,4,2017-11-01 12:07:11+00:00,2017-11,connectivity,False,False,True,False,routine connectivity troubleshooting is safe to auto-handle
1007651,@115858 your App Store isn't working! What the hell!?,Fri Oct 13 11:59:50 +0000 2017,7,2017-10-13 11:59:50+00:00,2017-10,software_update_performance,False,False,True,False,routine software troubleshooting is safe to auto-handle
35308,"@116333 Hi,can you please update iOS software to 11.2 because I am facing a lots of issues with the latest version iOS 10.1",Wed Nov 01 12:49:46 +0000 2017,4,2017-11-01 12:49:46+00:00,2017-11,software_update_performance,False,False,True,False,routine software troubleshooting is safe to auto-handle
286902,IOS 11 has made YouTube and FaceTime extra glitchy. It started on my 7plus and now it’s on my 8plus @AppleSupport #ios11,Fri Oct 06 10:30:36 +0000 2017,6,2017-10-06 10:30:36+00:00,2017-10,software_update_performance,True,False,True,True,compound case; human review reduces the risk of an incomplete response
337016,#iOS11 doesn't let me send email with my email signature randomly for some emails.  So odd @AppleSupport,Sat Oct 07 20:21:50 +0000 2017,2,2017-10-07 20:21:50+00:00,2017-10,software_update_performance,False,False,True,False,routine software troubleshooting is safe to auto-handle
541101,"@AppleSupport my iPhone 7 running iOS 11.1.2 just started crashing constantly, screen goes black then shows Apple busy circle symbol the auto locks my phone, brings me to the lock screen and after I unlock it all progress of previous work is lost, have to reopen app",Sat Dec 02 06:11:58 +0000 2017,3,2017-12-02 06:11:58+00:00,2017-12,software_update_performance,False,False,True,False,routine software troubleshooting is safe to auto-handle
118128,why can i not update if i have enough storage? @115858 https://t.co/qPS2v9p0Li,Thu Nov 23 21:28:45 +0000 2017,2,2017-11-23 21:28:45+00:00,2017-11,software_update_performance,False,False,True,False,routine software troubleshooting is safe to auto-handle
483272,Hey @115858 #ios11 is a complete dumpster fire. Locks up the screen on my #iphone8plus about once a month #fail,Fri Dec 01 06:35:28 +0000 2017,4,2017-12-01 06:35:28+00:00,2017-12,software_update_performance,False,False,True,False,routine software troubleshooting is safe to auto-handle
384052,@AppleSupport 😡😡😡😡 FIX THE SOFTWARE ALREADY.  IM OVER IT😤😩😡😡😡😡😡😡😡😡😡😡😡😡😡😡,Fri Oct 06 13:08:02 +0000 2017,2,2017-10-06 13:08:02+00:00,2017-10,software_update_performance,False,False,True,False,routine software troubleshooting is safe to auto-handle
456121,Wtf I canny update any my apps because @115858 wont accept my details for my card What a load of shit !,Thu Nov 30 23:59:44 +0000 2017,2,2017-11-30 23:59:44+00:00,2017-11,billing_subscription_purchase,False,False,True,True,"money-sensitive purchase, charge, subscription, or fulfillment issue"
934465,"Well my phone is glitching, overheating , deleting pictures and logging out of my iCloud !!!!!!!!!!!! @AppleSupport help I've tried calling",Sat Oct 21 10:36:11 +0000 2017,2,2017-10-21 10:36:11+00:00,2017-10,data_backup_loss,True,False,True,True,compound case; human review reduces the risk of an incomplete response
483239,"@AppleSupport  @115858, it so confusing that the ‘stop’ and ‘snooze/repeat’ buttons are just in wrong positions in either alarm or the timer!
See attached screen exhibits! https://t.co/pttyc9vamJ",Fri Dec 01 07:21:59 +0000 2017,2,2017-12-01 07:21:59+00:00,2017-12,feature_how_to,False,False,True,False,informational or setup question is safe to auto-handle
413790,@AppleSupport Is there anyway to go back to the old IOS?  this new update sucks,Fri Oct 06 12:42:56 +0000 2017,2,2017-10-06 12:42:56+00:00,2017-10,feature_how_to,False,False,True,False,informational or setup question is safe to auto-handle
187936,@115858 IOS11 sucks. Killed performans of my iPhone6 . Are you doing in purpose? Solve it or this will be the last apple product I bought.,Wed Oct 04 02:22:05 +0000 2017,8,2017-10-04 02:22:05+00:00,2017-10,software_update_performance,False,False,True,False,routine software troubleshooting is safe to auto-handle
699576,I completed the @115858 #Thanksgiving Day challenge this morning and the award didn't unlock. #Applechallenge #Applefail #fail 😢😠😤,Thu Nov 23 13:50:07 +0000 2017,3,2017-11-23 13:50:07+00:00,2017-11,software_update_performance,False,False,True,False,routine software troubleshooting is safe to auto-handle
114521,@AppleSupport @6523 Will I ever be getting my Iphone? Looks like its doing loops between China and Korea #supplychainproblems https://t.co/KrFbthlKuJ,Thu Nov 23 20:51:22 +0000 2017,3,2017-11-23 20:51:22+00:00,2017-11,billing_subscription_purchase,False,False,True,True,"money-sensitive purchase, charge, subscription, or fulfillment issue"
1003852,anybody else’s phone touchscreen absolutely horrible rn?,Sat Oct 14 06:21:13 +0000 2017,4,2017-10-14 06:21:13+00:00,2017-10,hardware_physical,False,False,True,True,physical-device or potential safety issue requires human assessment
331406,"@AppleSupport Why promise me a refund and never deliver, then say its too late? I took all the right steps. Where is the accountability?",Sat Oct 07 15:34:40 +0000 2017,3,2017-10-07 15:34:40+00:00,2017-10,service_complaint,False,False,True,True,a prior service or support experience has already failed the customer
566797,"@AppleSupport from my 7+ to iPhone X, I still see uploaded photos on Photos appear for importing everytime I sync/backup on my Mac.Pls kindly fix this. Thanks",Sun Dec 03 01:13:19 +0000 2017,2,2017-12-03 01:13:19+00:00,2017-12,data_backup_loss,False,False,True,False,data-loss or recovery triage; escalate if standard recovery steps fail
639730,"@115858 Anyone thinking of an iwatch for Christmas save your money unless you want to keep it in it’s beautiful presentation box and look at it, that way you will not break its weak screen.",Wed Nov 22 20:01:35 +0000 2017,2,2017-11-22 20:01:35+00:00,2017-11,hardware_physical,False,False,True,True,physical-device or potential safety issue requires human assessment
639897,"Зачем нужны «сотни улучшений» в iOS 11, если после ее установки просто перестаёт работать звук? А, @AppleSupport",Thu Sep 21 07:23:59 +0000 2017,3,2017-09-21 07:23:59+00:00,2017-09,out_of_scope,False,True,True,True,"non-English input, out of scope for v1 auto-handling"
143497,Just connected to a Bluetooth speaker and my phone thinks I’m driving. Why? What types of devices are @115858 looking for when they invoke Safe Driving.,Fri Nov 24 04:50:24 +0000 2017,2,2017-11-24 04:50:24+00:00,2017-11,feature_how_to,False,False,True,False,informational or setup question is safe to auto-handle
665770,"@AppleSupport hi just got this email through, haven’t made any purchase and assume it’s a scam can you confirm? https://t.co/KcbNCHAovC",Sat Nov 11 17:45:08 +0000 2017,3,2017-11-11 17:45:08+00:00,2017-11,account_access_security,False,False,True,True,security-sensitive; identity or legitimacy verification may be required
248189,".@AppleSupport Q: was the WatchOS 4.0.1 update only released for Series 3 watches? Just curious, thanks!",Thu Oct 05 13:55:57 +0000 2017,5,2017-10-05 13:55:57+00:00,2017-10,feature_how_to,False,False,True,False,informational or setup question is safe to auto-handle
286757,"@126 @applesupport Instagram and notifications = no go. Tons of apps missing in my ""notifications"" ain't reinstalling them all! 😠 https://t.co/NkgFgkNV1O",Sat Sep 30 21:26:00 +0000 2017,3,2017-09-30 21:26:00+00:00,2017-09,software_update_performance,False,False,True,False,routine software troubleshooting is safe to auto-handle
595822,"@115858 why does my phone keep disconnecting from the WiFi in like thirty second of me connecting nothing is wrong with my WiFi it’s just y’all, pls fix I’m tired of reconnecting every thirty seconds",Sun Dec 03 18:11:35 +0000 2017,4,2017-12-03 18:11:35+00:00,2017-12,connectivity,False,False,True,False,routine connectivity troubleshooting is safe to auto-handle
594706,@AppleSupport Is this a scam? https://t.co/QNgQ310eyg,Sun Dec 03 16:59:45 +0000 2017,2,2017-12-03 16:59:45+00:00,2017-12,account_access_security,False,False,True,True,security-sensitive; identity or legitimacy verification may be required
522080,Hi @AppleSupport I'm locked out of my ipad can you help ?,Sat Dec 02 02:54:02 +0000 2017,2,2017-12-02 02:54:02+00:00,2017-12,account_access_security,False,False,True,True,security-sensitive; identity or legitimacy verification may be required
553539,@AppleSupport What’s up with my phone restarting every few minutes?,Sat Dec 02 16:45:29 +0000 2017,2,2017-12-02 16:45:29+00:00,2017-12,software_update_performance,False,False,True,False,routine software troubleshooting is safe to auto-handle
300088,@AppleSupport since updating to the newest update my WiFi turns its self off WHY?? Every time I update there is a problem 😡😡😡,Fri Oct 06 17:23:09 +0000 2017,2,2017-10-06 17:23:09+00:00,2017-10,connectivity,False,False,True,False,routine connectivity troubleshooting is safe to auto-handle
821143,Does anyone know how to fix this problem?? I got my screen replaced and now I can’t use my camera!! #iphone6s @115858 yes I’ve enabled my📷 https://t.co/PUPtz1TMiE,Sun Oct 08 18:03:18 +0000 2017,2,2017-10-08 18:03:18+00:00,2017-10,hardware_physical,False,False,True,True,physical-device or potential safety issue requires human assessment
565881,@AppleSupport y’all wanna let me and many other users know why my iphone 7+ keeps resetting?? Is this an issue that’s being looked at and not just swept under the rug as something that’s my fault? it’s obviously an issue on your end.,Sun Dec 03 00:38:54 +0000 2017,5,2017-12-03 00:38:54+00:00,2017-12,software_update_performance,False,False,True,False,routine software troubleshooting is safe to auto-handle
658712,Does new @115858 update stop my phone from freezing when I’m trying switch between two apps? Then I have to let my phone die to be functional,Thu Oct 05 10:36:08 +0000 2017,2,2017-10-05 10:36:08+00:00,2017-10,software_update_performance,False,False,True,False,routine software troubleshooting is safe to auto-handle
1040207,@AppleSupport so after going to ios 11 and when i tryed to do touch id set up it doesnt work and now my battery is draining fast,Sun Oct 15 16:47:44 +0000 2017,2,2017-10-15 16:47:44+00:00,2017-10,software_update_performance,True,False,True,True,compound case; human review reduces the risk of an incomplete response
35245,@AppleSupport oh dear @123678 still not co-oping with iCloud in ios11.1 really really poor show.,Wed Nov 01 09:28:12 +0000 2017,3,2017-11-01 09:28:12+00:00,2017-11,data_backup_loss,False,False,True,False,data-loss or recovery triage; escalate if standard recovery steps fail
55093,"And all of a sudden, for no reason, 80GB of music got wiped. WTF, @AppleSupport? 🤨 › https://t.co/1tJaHSlrBj",Wed Nov 01 16:53:07 +0000 2017,6,2017-11-01 16:53:07+00:00,2017-11,data_backup_loss,False,False,True,True,significant or potentially irreversible data loss requires human review
794630,"Help, anyone know what the ‘Waiting for activation’ under iMessage means? @115858 @AppleSupport https://t.co/NqB7KctzXk",Thu Oct 12 09:25:25 +0000 2017,2,2017-10-12 09:25:25+00:00,2017-10,connectivity,False,False,True,False,routine connectivity troubleshooting is safe to auto-handle
237027,@AppleSupport I have been locked out of my account for 5 days and now it says 23 days. I want this canceled,Fri Sep 29 19:16:39 +0000 2017,4,2017-09-29 19:16:39+00:00,2017-09,account_access_security,False,False,True,True,security-sensitive; identity or legitimacy verification may be required
484539,@AppleSupport what those this mean I just update it to #iOS11 and this now shows up ? Help me to learn about the iPhone https://t.co/kXO8PF2pg5,Fri Dec 01 08:36:53 +0000 2017,6,2017-12-01 08:36:53+00:00,2017-12,feature_how_to,False,False,True,False,informational or setup question is safe to auto-handle
975106,@115858 #IOS11 = 👎🏼👎🏼 seriously. My phone never had this many issues before.,Sun Oct 22 02:24:16 +0000 2017,2,2017-10-22 02:24:16+00:00,2017-10,software_update_performance,False,False,True,False,routine software troubleshooting is safe to auto-handle
35235,@AppleSupport can you help me yo you literally replying to everyone else except me 👋🏼 https://t.co/AG3KoDLJ7e,Wed Nov 01 13:09:15 +0000 2017,7,2017-11-01 13:09:15+00:00,2017-11,service_complaint,False,False,True,True,a prior service or support experience has already failed the customer
331724,O dona @AppleSupport meu telefone tá com um som estranho e parece que tá inchando do lado esquerdo. Tá bonito isso.,Sat Oct 07 15:53:44 +0000 2017,2,2017-10-07 15:53:44+00:00,2017-10,out_of_scope,False,True,True,True,"non-English input, out of scope for v1 auto-handling"
563021,"my iPhone 6s and my iPad Air 2, when you open an app and it stays longer, the background of the app will stay. You can see it if your brightness is up and youre in a black background. Please fix this😩😭 it’s annoying @AppleSupport",Sat Dec 02 23:18:30 +0000 2017,4,2017-12-02 23:18:30+00:00,2017-12,software_update_performance,False,False,True,False,routine software troubleshooting is safe to auto-handle
891094,@115858 my 7 dropped dead and I had pics that weren't backed up. Send help.,Fri Oct 13 17:44:28 +0000 2017,3,2017-10-13 17:44:28+00:00,2017-10,data_backup_loss,True,False,True,True,significant or potentially irreversible data loss requires human review
440794,"@AppleSupport Hi, so I have several billing issues with Apple Music. 1. It's billing me in pounds not dollars. Isn't that theft?",Tue Oct 10 17:08:16 +0000 2017,3,2017-10-10 17:08:16+00:00,2017-10,billing_subscription_purchase,False,False,True,True,"money-sensitive purchase, charge, subscription, or fulfillment issue"
937548,What convinced you to avoid purchasing an Apple product? by Pooja Sharma https://t.co/9croB65wv2,Sat Sep 23 14:43:48 +0000 2017,3,2017-09-23 14:43:48+00:00,2017-09,out_of_scope,False,False,False,False,excluded: not a support request
300091,@115858 why wont you send me a verification code so i can sign into my account?,Fri Oct 06 17:08:51 +0000 2017,4,2017-10-06 17:08:51+00:00,2017-10,account_access_security,False,False,True,True,security-sensitive; identity or legitimacy verification may be required
291416,@AppleSupport I’m not sure if you guys sent this to me or someone is phishing for my account info https://t.co/ByWDjZCFbq,Fri Oct 06 14:10:07 +0000 2017,4,2017-10-06 14:10:07+00:00,2017-10,account_access_security,False,False,True,True,security-sensitive; identity or legitimacy verification may be required
